{"providers":[{"type":"bitmap","file":"nova:font/tooltip_background/5.png","ascent":-6,"chars":[""]},{"type":"bitmap","file":"nova:font/tooltip_background/4.png","ascent":-6,"chars":[""]},{"type":"bitmap","file":"nova:font/tooltip_background/3.png","ascent":-6,"chars":[""]},{"type":"bitmap","file":"nova:font/tooltip_background/2.png","ascent":-6,"chars":[""]},{"type":"bitmap","file":"nova:font/tooltip_background/1.png","ascent":-6,"chars":[""]},{"type":"bitmap","file":"nova:font/tooltip_background/0.png","ascent":-6,"chars":[""]},{"type":"reference","id":"nova:move/13"},{"type":"reference","id":"minecraft:include/space/13"},{"type":"reference","id":"minecraft:include/default/13"},{"type":"reference","id":"minecraft:include/unifont/13"}]}