{"parent":"minecraft:item/handheld","textures":{"layer0":"minecraft:item/wooden_sword"},"overrides":[{"predicate":{"custom_model_data":1},"model":"nova:item/gui/btn/green"},{"predicate":{"custom_model_data":2},"model":"nova:item/gui/arrow_2_right"},{"predicate":{"custom_model_data":3},"model":"nova:item/gui/light_corner_top_right"},{"predicate":{"custom_model_data":4},"model":"nova:item/gui/light_arrow_2_right"},{"predicate":{"custom_model_data":5},"model":"nova:item/gui/bar/orange/0"},{"predicate":{"custom_model_data":6},"model":"nova:item/gui/bar/orange/1"},{"predicate":{"custom_model_data":7},"model":"nova:item/gui/bar/orange/2"},{"predicate":{"custom_model_data":8},"model":"nova:item/gui/bar/orange/3"},{"predicate":{"custom_model_data":9},"model":"nova:item/gui/bar/orange/4"},{"predicate":{"custom_model_data":10},"model":"nova:item/gui/bar/orange/5"},{"predicate":{"custom_model_data":11},"model":"nova:item/gui/bar/orange/6"},{"predicate":{"custom_model_data":12},"model":"nova:item/gui/bar/orange/7"},{"predicate":{"custom_model_data":13},"model":"nova:item/gui/bar/orange/8"},{"predicate":{"custom_model_data":14},"model":"nova:item/gui/bar/orange/9"},{"predicate":{"custom_model_data":15},"model":"nova:item/gui/bar/orange/10"},{"predicate":{"custom_model_data":16},"model":"nova:item/gui/bar/orange/11"},{"predicate":{"custom_model_data":17},"model":"nova:item/gui/bar/orange/12"},{"predicate":{"custom_model_data":18},"model":"nova:item/gui/bar/orange/13"},{"predicate":{"custom_model_data":19},"model":"nova:item/gui/bar/orange/14"},{"predicate":{"custom_model_data":20},"model":"nova:item/gui/bar/orange/15"},{"predicate":{"custom_model_data":21},"model":"nova:item/gui/bar/orange/16"},{"predicate":{"custom_model_data":22},"model":"nova:item/gui/btn/plus_off"},{"predicate":{"custom_model_data":23},"model":"nova:item/gui/btn/items_on"},{"predicate":{"custom_model_data":24},"model":"nova:item/gui/corner_top_left"},{"predicate":{"custom_model_data":25},"model":"nova:item/gui/inventory_part"},{"predicate":{"custom_model_data":26},"model":"nova:item/gui/number/0"},{"predicate":{"custom_model_data":27},"model":"nova:item/gui/number/1"},{"predicate":{"custom_model_data":28},"model":"nova:item/gui/number/2"},{"predicate":{"custom_model_data":29},"model":"nova:item/gui/number/3"},{"predicate":{"custom_model_data":30},"model":"nova:item/gui/number/4"},{"predicate":{"custom_model_data":31},"model":"nova:item/gui/number/5"},{"predicate":{"custom_model_data":32},"model":"nova:item/gui/number/6"},{"predicate":{"custom_model_data":33},"model":"nova:item/gui/number/7"},{"predicate":{"custom_model_data":34},"model":"nova:item/gui/number/8"},{"predicate":{"custom_model_data":35},"model":"nova:item/gui/number/9"},{"predicate":{"custom_model_data":36},"model":"nova:item/gui/number/10"},{"predicate":{"custom_model_data":37},"model":"nova:item/gui/number/11"},{"predicate":{"custom_model_data":38},"model":"nova:item/gui/number/12"},{"predicate":{"custom_model_data":39},"model":"nova:item/gui/number/13"},{"predicate":{"custom_model_data":40},"model":"nova:item/gui/number/14"},{"predicate":{"custom_model_data":41},"model":"nova:item/gui/number/15"},{"predicate":{"custom_model_data":42},"model":"nova:item/gui/number/16"},{"predicate":{"custom_model_data":43},"model":"nova:item/gui/number/17"},{"predicate":{"custom_model_data":44},"model":"nova:item/gui/number/18"},{"predicate":{"custom_model_data":45},"model":"nova:item/gui/number/19"},{"predicate":{"custom_model_data":46},"model":"nova:item/gui/number/20"},{"predicate":{"custom_model_data":47},"model":"nova:item/gui/number/21"},{"predicate":{"custom_model_data":48},"model":"nova:item/gui/number/22"},{"predicate":{"custom_model_data":49},"model":"nova:item/gui/number/23"},{"predicate":{"custom_model_data":50},"model":"nova:item/gui/number/24"},{"predicate":{"custom_model_data":51},"model":"nova:item/gui/number/25"},{"predicate":{"custom_model_data":52},"model":"nova:item/gui/number/26"},{"predicate":{"custom_model_data":53},"model":"nova:item/gui/number/27"},{"predicate":{"custom_model_data":54},"model":"nova:item/gui/number/28"},{"predicate":{"custom_model_data":55},"model":"nova:item/gui/number/29"},{"predicate":{"custom_model_data":56},"model":"nova:item/gui/number/30"},{"predicate":{"custom_model_data":57},"model":"nova:item/gui/number/31"},{"predicate":{"custom_model_data":58},"model":"nova:item/gui/number/32"},{"predicate":{"custom_model_data":59},"model":"nova:item/gui/number/33"},{"predicate":{"custom_model_data":60},"model":"nova:item/gui/number/34"},{"predicate":{"custom_model_data":61},"model":"nova:item/gui/number/35"},{"predicate":{"custom_model_data":62},"model":"nova:item/gui/number/36"},{"predicate":{"custom_model_data":63},"model":"nova:item/gui/number/37"},{"predicate":{"custom_model_data":64},"model":"nova:item/gui/number/38"},{"predicate":{"custom_model_data":65},"model":"nova:item/gui/number/39"},{"predicate":{"custom_model_data":66},"model":"nova:item/gui/number/40"},{"predicate":{"custom_model_data":67},"model":"nova:item/gui/number/41"},{"predicate":{"custom_model_data":68},"model":"nova:item/gui/number/42"},{"predicate":{"custom_model_data":69},"model":"nova:item/gui/number/43"},{"predicate":{"custom_model_data":70},"model":"nova:item/gui/number/44"},{"predicate":{"custom_model_data":71},"model":"nova:item/gui/number/45"},{"predicate":{"custom_model_data":72},"model":"nova:item/gui/number/46"},{"predicate":{"custom_model_data":73},"model":"nova:item/gui/number/47"},{"predicate":{"custom_model_data":74},"model":"nova:item/gui/number/48"},{"predicate":{"custom_model_data":75},"model":"nova:item/gui/number/49"},{"predicate":{"custom_model_data":76},"model":"nova:item/gui/number/50"},{"predicate":{"custom_model_data":77},"model":"nova:item/gui/number/51"},{"predicate":{"custom_model_data":78},"model":"nova:item/gui/number/52"},{"predicate":{"custom_model_data":79},"model":"nova:item/gui/number/53"},{"predicate":{"custom_model_data":80},"model":"nova:item/gui/number/54"},{"predicate":{"custom_model_data":81},"model":"nova:item/gui/number/55"},{"predicate":{"custom_model_data":82},"model":"nova:item/gui/number/56"},{"predicate":{"custom_model_data":83},"model":"nova:item/gui/number/57"},{"predicate":{"custom_model_data":84},"model":"nova:item/gui/number/58"},{"predicate":{"custom_model_data":85},"model":"nova:item/gui/number/59"},{"predicate":{"custom_model_data":86},"model":"nova:item/gui/number/60"},{"predicate":{"custom_model_data":87},"model":"nova:item/gui/number/61"},{"predicate":{"custom_model_data":88},"model":"nova:item/gui/number/62"},{"predicate":{"custom_model_data":89},"model":"nova:item/gui/number/63"},{"predicate":{"custom_model_data":90},"model":"nova:item/gui/number/64"},{"predicate":{"custom_model_data":91},"model":"nova:item/gui/number/65"},{"predicate":{"custom_model_data":92},"model":"nova:item/gui/number/66"},{"predicate":{"custom_model_data":93},"model":"nova:item/gui/number/67"},{"predicate":{"custom_model_data":94},"model":"nova:item/gui/number/68"},{"predicate":{"custom_model_data":95},"model":"nova:item/gui/number/69"},{"predicate":{"custom_model_data":96},"model":"nova:item/gui/number/70"},{"predicate":{"custom_model_data":97},"model":"nova:item/gui/number/71"},{"predicate":{"custom_model_data":98},"model":"nova:item/gui/number/72"},{"predicate":{"custom_model_data":99},"model":"nova:item/gui/number/73"},{"predicate":{"custom_model_data":100},"model":"nova:item/gui/number/74"},{"predicate":{"custom_model_data":101},"model":"nova:item/gui/number/75"},{"predicate":{"custom_model_data":102},"model":"nova:item/gui/number/76"},{"predicate":{"custom_model_data":103},"model":"nova:item/gui/number/77"},{"predicate":{"custom_model_data":104},"model":"nova:item/gui/number/78"},{"predicate":{"custom_model_data":105},"model":"nova:item/gui/number/79"},{"predicate":{"custom_model_data":106},"model":"nova:item/gui/number/80"},{"predicate":{"custom_model_data":107},"model":"nova:item/gui/number/81"},{"predicate":{"custom_model_data":108},"model":"nova:item/gui/number/82"},{"predicate":{"custom_model_data":109},"model":"nova:item/gui/number/83"},{"predicate":{"custom_model_data":110},"model":"nova:item/gui/number/84"},{"predicate":{"custom_model_data":111},"model":"nova:item/gui/number/85"},{"predicate":{"custom_model_data":112},"model":"nova:item/gui/number/86"},{"predicate":{"custom_model_data":113},"model":"nova:item/gui/number/87"},{"predicate":{"custom_model_data":114},"model":"nova:item/gui/number/88"},{"predicate":{"custom_model_data":115},"model":"nova:item/gui/number/89"},{"predicate":{"custom_model_data":116},"model":"nova:item/gui/number/90"},{"predicate":{"custom_model_data":117},"model":"nova:item/gui/number/91"},{"predicate":{"custom_model_data":118},"model":"nova:item/gui/number/92"},{"predicate":{"custom_model_data":119},"model":"nova:item/gui/number/93"},{"predicate":{"custom_model_data":120},"model":"nova:item/gui/number/94"},{"predicate":{"custom_model_data":121},"model":"nova:item/gui/number/95"},{"predicate":{"custom_model_data":122},"model":"nova:item/gui/number/96"},{"predicate":{"custom_model_data":123},"model":"nova:item/gui/number/97"},{"predicate":{"custom_model_data":124},"model":"nova:item/gui/number/98"},{"predicate":{"custom_model_data":125},"model":"nova:item/gui/number/99"},{"predicate":{"custom_model_data":126},"model":"nova:item/gui/number/100"},{"predicate":{"custom_model_data":127},"model":"nova:item/gui/number/101"},{"predicate":{"custom_model_data":128},"model":"nova:item/gui/number/102"},{"predicate":{"custom_model_data":129},"model":"nova:item/gui/number/103"},{"predicate":{"custom_model_data":130},"model":"nova:item/gui/number/104"},{"predicate":{"custom_model_data":131},"model":"nova:item/gui/number/105"},{"predicate":{"custom_model_data":132},"model":"nova:item/gui/number/106"},{"predicate":{"custom_model_data":133},"model":"nova:item/gui/number/107"},{"predicate":{"custom_model_data":134},"model":"nova:item/gui/number/108"},{"predicate":{"custom_model_data":135},"model":"nova:item/gui/number/109"},{"predicate":{"custom_model_data":136},"model":"nova:item/gui/number/110"},{"predicate":{"custom_model_data":137},"model":"nova:item/gui/number/111"},{"predicate":{"custom_model_data":138},"model":"nova:item/gui/number/112"},{"predicate":{"custom_model_data":139},"model":"nova:item/gui/number/113"},{"predicate":{"custom_model_data":140},"model":"nova:item/gui/number/114"},{"predicate":{"custom_model_data":141},"model":"nova:item/gui/number/115"},{"predicate":{"custom_model_data":142},"model":"nova:item/gui/number/116"},{"predicate":{"custom_model_data":143},"model":"nova:item/gui/number/117"},{"predicate":{"custom_model_data":144},"model":"nova:item/gui/number/118"},{"predicate":{"custom_model_data":145},"model":"nova:item/gui/number/119"},{"predicate":{"custom_model_data":146},"model":"nova:item/gui/number/120"},{"predicate":{"custom_model_data":147},"model":"nova:item/gui/number/121"},{"predicate":{"custom_model_data":148},"model":"nova:item/gui/number/122"},{"predicate":{"custom_model_data":149},"model":"nova:item/gui/number/123"},{"predicate":{"custom_model_data":150},"model":"nova:item/gui/number/124"},{"predicate":{"custom_model_data":151},"model":"nova:item/gui/number/125"},{"predicate":{"custom_model_data":152},"model":"nova:item/gui/number/126"},{"predicate":{"custom_model_data":153},"model":"nova:item/gui/number/127"},{"predicate":{"custom_model_data":154},"model":"nova:item/gui/number/128"},{"predicate":{"custom_model_data":155},"model":"nova:item/gui/number/129"},{"predicate":{"custom_model_data":156},"model":"nova:item/gui/number/130"},{"predicate":{"custom_model_data":157},"model":"nova:item/gui/number/131"},{"predicate":{"custom_model_data":158},"model":"nova:item/gui/number/132"},{"predicate":{"custom_model_data":159},"model":"nova:item/gui/number/133"},{"predicate":{"custom_model_data":160},"model":"nova:item/gui/number/134"},{"predicate":{"custom_model_data":161},"model":"nova:item/gui/number/135"},{"predicate":{"custom_model_data":162},"model":"nova:item/gui/number/136"},{"predicate":{"custom_model_data":163},"model":"nova:item/gui/number/137"},{"predicate":{"custom_model_data":164},"model":"nova:item/gui/number/138"},{"predicate":{"custom_model_data":165},"model":"nova:item/gui/number/139"},{"predicate":{"custom_model_data":166},"model":"nova:item/gui/number/140"},{"predicate":{"custom_model_data":167},"model":"nova:item/gui/number/141"},{"predicate":{"custom_model_data":168},"model":"nova:item/gui/number/142"},{"predicate":{"custom_model_data":169},"model":"nova:item/gui/number/143"},{"predicate":{"custom_model_data":170},"model":"nova:item/gui/number/144"},{"predicate":{"custom_model_data":171},"model":"nova:item/gui/number/145"},{"predicate":{"custom_model_data":172},"model":"nova:item/gui/number/146"},{"predicate":{"custom_model_data":173},"model":"nova:item/gui/number/147"},{"predicate":{"custom_model_data":174},"model":"nova:item/gui/number/148"},{"predicate":{"custom_model_data":175},"model":"nova:item/gui/number/149"},{"predicate":{"custom_model_data":176},"model":"nova:item/gui/number/150"},{"predicate":{"custom_model_data":177},"model":"nova:item/gui/number/151"},{"predicate":{"custom_model_data":178},"model":"nova:item/gui/number/152"},{"predicate":{"custom_model_data":179},"model":"nova:item/gui/number/153"},{"predicate":{"custom_model_data":180},"model":"nova:item/gui/number/154"},{"predicate":{"custom_model_data":181},"model":"nova:item/gui/number/155"},{"predicate":{"custom_model_data":182},"model":"nova:item/gui/number/156"},{"predicate":{"custom_model_data":183},"model":"nova:item/gui/number/157"},{"predicate":{"custom_model_data":184},"model":"nova:item/gui/number/158"},{"predicate":{"custom_model_data":185},"model":"nova:item/gui/number/159"},{"predicate":{"custom_model_data":186},"model":"nova:item/gui/number/160"},{"predicate":{"custom_model_data":187},"model":"nova:item/gui/number/161"},{"predicate":{"custom_model_data":188},"model":"nova:item/gui/number/162"},{"predicate":{"custom_model_data":189},"model":"nova:item/gui/number/163"},{"predicate":{"custom_model_data":190},"model":"nova:item/gui/number/164"},{"predicate":{"custom_model_data":191},"model":"nova:item/gui/number/165"},{"predicate":{"custom_model_data":192},"model":"nova:item/gui/number/166"},{"predicate":{"custom_model_data":193},"model":"nova:item/gui/number/167"},{"predicate":{"custom_model_data":194},"model":"nova:item/gui/number/168"},{"predicate":{"custom_model_data":195},"model":"nova:item/gui/number/169"},{"predicate":{"custom_model_data":196},"model":"nova:item/gui/number/170"},{"predicate":{"custom_model_data":197},"model":"nova:item/gui/number/171"},{"predicate":{"custom_model_data":198},"model":"nova:item/gui/number/172"},{"predicate":{"custom_model_data":199},"model":"nova:item/gui/number/173"},{"predicate":{"custom_model_data":200},"model":"nova:item/gui/number/174"},{"predicate":{"custom_model_data":201},"model":"nova:item/gui/number/175"},{"predicate":{"custom_model_data":202},"model":"nova:item/gui/number/176"},{"predicate":{"custom_model_data":203},"model":"nova:item/gui/number/177"},{"predicate":{"custom_model_data":204},"model":"nova:item/gui/number/178"},{"predicate":{"custom_model_data":205},"model":"nova:item/gui/number/179"},{"predicate":{"custom_model_data":206},"model":"nova:item/gui/number/180"},{"predicate":{"custom_model_data":207},"model":"nova:item/gui/number/181"},{"predicate":{"custom_model_data":208},"model":"nova:item/gui/number/182"},{"predicate":{"custom_model_data":209},"model":"nova:item/gui/number/183"},{"predicate":{"custom_model_data":210},"model":"nova:item/gui/number/184"},{"predicate":{"custom_model_data":211},"model":"nova:item/gui/number/185"},{"predicate":{"custom_model_data":212},"model":"nova:item/gui/number/186"},{"predicate":{"custom_model_data":213},"model":"nova:item/gui/number/187"},{"predicate":{"custom_model_data":214},"model":"nova:item/gui/number/188"},{"predicate":{"custom_model_data":215},"model":"nova:item/gui/number/189"},{"predicate":{"custom_model_data":216},"model":"nova:item/gui/number/190"},{"predicate":{"custom_model_data":217},"model":"nova:item/gui/number/191"},{"predicate":{"custom_model_data":218},"model":"nova:item/gui/number/192"},{"predicate":{"custom_model_data":219},"model":"nova:item/gui/number/193"},{"predicate":{"custom_model_data":220},"model":"nova:item/gui/number/194"},{"predicate":{"custom_model_data":221},"model":"nova:item/gui/number/195"},{"predicate":{"custom_model_data":222},"model":"nova:item/gui/number/196"},{"predicate":{"custom_model_data":223},"model":"nova:item/gui/number/197"},{"predicate":{"custom_model_data":224},"model":"nova:item/gui/number/198"},{"predicate":{"custom_model_data":225},"model":"nova:item/gui/number/199"},{"predicate":{"custom_model_data":226},"model":"nova:item/gui/number/200"},{"predicate":{"custom_model_data":227},"model":"nova:item/gui/number/201"},{"predicate":{"custom_model_data":228},"model":"nova:item/gui/number/202"},{"predicate":{"custom_model_data":229},"model":"nova:item/gui/number/203"},{"predicate":{"custom_model_data":230},"model":"nova:item/gui/number/204"},{"predicate":{"custom_model_data":231},"model":"nova:item/gui/number/205"},{"predicate":{"custom_model_data":232},"model":"nova:item/gui/number/206"},{"predicate":{"custom_model_data":233},"model":"nova:item/gui/number/207"},{"predicate":{"custom_model_data":234},"model":"nova:item/gui/number/208"},{"predicate":{"custom_model_data":235},"model":"nova:item/gui/number/209"},{"predicate":{"custom_model_data":236},"model":"nova:item/gui/number/210"},{"predicate":{"custom_model_data":237},"model":"nova:item/gui/number/211"},{"predicate":{"custom_model_data":238},"model":"nova:item/gui/number/212"},{"predicate":{"custom_model_data":239},"model":"nova:item/gui/number/213"},{"predicate":{"custom_model_data":240},"model":"nova:item/gui/number/214"},{"predicate":{"custom_model_data":241},"model":"nova:item/gui/number/215"},{"predicate":{"custom_model_data":242},"model":"nova:item/gui/number/216"},{"predicate":{"custom_model_data":243},"model":"nova:item/gui/number/217"},{"predicate":{"custom_model_data":244},"model":"nova:item/gui/number/218"},{"predicate":{"custom_model_data":245},"model":"nova:item/gui/number/219"},{"predicate":{"custom_model_data":246},"model":"nova:item/gui/number/220"},{"predicate":{"custom_model_data":247},"model":"nova:item/gui/number/221"},{"predicate":{"custom_model_data":248},"model":"nova:item/gui/number/222"},{"predicate":{"custom_model_data":249},"model":"nova:item/gui/number/223"},{"predicate":{"custom_model_data":250},"model":"nova:item/gui/number/224"},{"predicate":{"custom_model_data":251},"model":"nova:item/gui/number/225"},{"predicate":{"custom_model_data":252},"model":"nova:item/gui/number/226"},{"predicate":{"custom_model_data":253},"model":"nova:item/gui/number/227"},{"predicate":{"custom_model_data":254},"model":"nova:item/gui/number/228"},{"predicate":{"custom_model_data":255},"model":"nova:item/gui/number/229"},{"predicate":{"custom_model_data":256},"model":"nova:item/gui/number/230"},{"predicate":{"custom_model_data":257},"model":"nova:item/gui/number/231"},{"predicate":{"custom_model_data":258},"model":"nova:item/gui/number/232"},{"predicate":{"custom_model_data":259},"model":"nova:item/gui/number/233"},{"predicate":{"custom_model_data":260},"model":"nova:item/gui/number/234"},{"predicate":{"custom_model_data":261},"model":"nova:item/gui/number/235"},{"predicate":{"custom_model_data":262},"model":"nova:item/gui/number/236"},{"predicate":{"custom_model_data":263},"model":"nova:item/gui/number/237"},{"predicate":{"custom_model_data":264},"model":"nova:item/gui/number/238"},{"predicate":{"custom_model_data":265},"model":"nova:item/gui/number/239"},{"predicate":{"custom_model_data":266},"model":"nova:item/gui/number/240"},{"predicate":{"custom_model_data":267},"model":"nova:item/gui/number/241"},{"predicate":{"custom_model_data":268},"model":"nova:item/gui/number/242"},{"predicate":{"custom_model_data":269},"model":"nova:item/gui/number/243"},{"predicate":{"custom_model_data":270},"model":"nova:item/gui/number/244"},{"predicate":{"custom_model_data":271},"model":"nova:item/gui/number/245"},{"predicate":{"custom_model_data":272},"model":"nova:item/gui/number/246"},{"predicate":{"custom_model_data":273},"model":"nova:item/gui/number/247"},{"predicate":{"custom_model_data":274},"model":"nova:item/gui/number/248"},{"predicate":{"custom_model_data":275},"model":"nova:item/gui/number/249"},{"predicate":{"custom_model_data":276},"model":"nova:item/gui/number/250"},{"predicate":{"custom_model_data":277},"model":"nova:item/gui/number/251"},{"predicate":{"custom_model_data":278},"model":"nova:item/gui/number/252"},{"predicate":{"custom_model_data":279},"model":"nova:item/gui/number/253"},{"predicate":{"custom_model_data":280},"model":"nova:item/gui/number/254"},{"predicate":{"custom_model_data":281},"model":"nova:item/gui/number/255"},{"predicate":{"custom_model_data":282},"model":"nova:item/gui/number/256"},{"predicate":{"custom_model_data":283},"model":"nova:item/gui/number/257"},{"predicate":{"custom_model_data":284},"model":"nova:item/gui/number/258"},{"predicate":{"custom_model_data":285},"model":"nova:item/gui/number/259"},{"predicate":{"custom_model_data":286},"model":"nova:item/gui/number/260"},{"predicate":{"custom_model_data":287},"model":"nova:item/gui/number/261"},{"predicate":{"custom_model_data":288},"model":"nova:item/gui/number/262"},{"predicate":{"custom_model_data":289},"model":"nova:item/gui/number/263"},{"predicate":{"custom_model_data":290},"model":"nova:item/gui/number/264"},{"predicate":{"custom_model_data":291},"model":"nova:item/gui/number/265"},{"predicate":{"custom_model_data":292},"model":"nova:item/gui/number/266"},{"predicate":{"custom_model_data":293},"model":"nova:item/gui/number/267"},{"predicate":{"custom_model_data":294},"model":"nova:item/gui/number/268"},{"predicate":{"custom_model_data":295},"model":"nova:item/gui/number/269"},{"predicate":{"custom_model_data":296},"model":"nova:item/gui/number/270"},{"predicate":{"custom_model_data":297},"model":"nova:item/gui/number/271"},{"predicate":{"custom_model_data":298},"model":"nova:item/gui/number/272"},{"predicate":{"custom_model_data":299},"model":"nova:item/gui/number/273"},{"predicate":{"custom_model_data":300},"model":"nova:item/gui/number/274"},{"predicate":{"custom_model_data":301},"model":"nova:item/gui/number/275"},{"predicate":{"custom_model_data":302},"model":"nova:item/gui/number/276"},{"predicate":{"custom_model_data":303},"model":"nova:item/gui/number/277"},{"predicate":{"custom_model_data":304},"model":"nova:item/gui/number/278"},{"predicate":{"custom_model_data":305},"model":"nova:item/gui/number/279"},{"predicate":{"custom_model_data":306},"model":"nova:item/gui/number/280"},{"predicate":{"custom_model_data":307},"model":"nova:item/gui/number/281"},{"predicate":{"custom_model_data":308},"model":"nova:item/gui/number/282"},{"predicate":{"custom_model_data":309},"model":"nova:item/gui/number/283"},{"predicate":{"custom_model_data":310},"model":"nova:item/gui/number/284"},{"predicate":{"custom_model_data":311},"model":"nova:item/gui/number/285"},{"predicate":{"custom_model_data":312},"model":"nova:item/gui/number/286"},{"predicate":{"custom_model_data":313},"model":"nova:item/gui/number/287"},{"predicate":{"custom_model_data":314},"model":"nova:item/gui/number/288"},{"predicate":{"custom_model_data":315},"model":"nova:item/gui/number/289"},{"predicate":{"custom_model_data":316},"model":"nova:item/gui/number/290"},{"predicate":{"custom_model_data":317},"model":"nova:item/gui/number/291"},{"predicate":{"custom_model_data":318},"model":"nova:item/gui/number/292"},{"predicate":{"custom_model_data":319},"model":"nova:item/gui/number/293"},{"predicate":{"custom_model_data":320},"model":"nova:item/gui/number/294"},{"predicate":{"custom_model_data":321},"model":"nova:item/gui/number/295"},{"predicate":{"custom_model_data":322},"model":"nova:item/gui/number/296"},{"predicate":{"custom_model_data":323},"model":"nova:item/gui/number/297"},{"predicate":{"custom_model_data":324},"model":"nova:item/gui/number/298"},{"predicate":{"custom_model_data":325},"model":"nova:item/gui/number/299"},{"predicate":{"custom_model_data":326},"model":"nova:item/gui/number/300"},{"predicate":{"custom_model_data":327},"model":"nova:item/gui/number/301"},{"predicate":{"custom_model_data":328},"model":"nova:item/gui/number/302"},{"predicate":{"custom_model_data":329},"model":"nova:item/gui/number/303"},{"predicate":{"custom_model_data":330},"model":"nova:item/gui/number/304"},{"predicate":{"custom_model_data":331},"model":"nova:item/gui/number/305"},{"predicate":{"custom_model_data":332},"model":"nova:item/gui/number/306"},{"predicate":{"custom_model_data":333},"model":"nova:item/gui/number/307"},{"predicate":{"custom_model_data":334},"model":"nova:item/gui/number/308"},{"predicate":{"custom_model_data":335},"model":"nova:item/gui/number/309"},{"predicate":{"custom_model_data":336},"model":"nova:item/gui/number/310"},{"predicate":{"custom_model_data":337},"model":"nova:item/gui/number/311"},{"predicate":{"custom_model_data":338},"model":"nova:item/gui/number/312"},{"predicate":{"custom_model_data":339},"model":"nova:item/gui/number/313"},{"predicate":{"custom_model_data":340},"model":"nova:item/gui/number/314"},{"predicate":{"custom_model_data":341},"model":"nova:item/gui/number/315"},{"predicate":{"custom_model_data":342},"model":"nova:item/gui/number/316"},{"predicate":{"custom_model_data":343},"model":"nova:item/gui/number/317"},{"predicate":{"custom_model_data":344},"model":"nova:item/gui/number/318"},{"predicate":{"custom_model_data":345},"model":"nova:item/gui/number/319"},{"predicate":{"custom_model_data":346},"model":"nova:item/gui/number/320"},{"predicate":{"custom_model_data":347},"model":"nova:item/gui/number/321"},{"predicate":{"custom_model_data":348},"model":"nova:item/gui/number/322"},{"predicate":{"custom_model_data":349},"model":"nova:item/gui/number/323"},{"predicate":{"custom_model_data":350},"model":"nova:item/gui/number/324"},{"predicate":{"custom_model_data":351},"model":"nova:item/gui/number/325"},{"predicate":{"custom_model_data":352},"model":"nova:item/gui/number/326"},{"predicate":{"custom_model_data":353},"model":"nova:item/gui/number/327"},{"predicate":{"custom_model_data":354},"model":"nova:item/gui/number/328"},{"predicate":{"custom_model_data":355},"model":"nova:item/gui/number/329"},{"predicate":{"custom_model_data":356},"model":"nova:item/gui/number/330"},{"predicate":{"custom_model_data":357},"model":"nova:item/gui/number/331"},{"predicate":{"custom_model_data":358},"model":"nova:item/gui/number/332"},{"predicate":{"custom_model_data":359},"model":"nova:item/gui/number/333"},{"predicate":{"custom_model_data":360},"model":"nova:item/gui/number/334"},{"predicate":{"custom_model_data":361},"model":"nova:item/gui/number/335"},{"predicate":{"custom_model_data":362},"model":"nova:item/gui/number/336"},{"predicate":{"custom_model_data":363},"model":"nova:item/gui/number/337"},{"predicate":{"custom_model_data":364},"model":"nova:item/gui/number/338"},{"predicate":{"custom_model_data":365},"model":"nova:item/gui/number/339"},{"predicate":{"custom_model_data":366},"model":"nova:item/gui/number/340"},{"predicate":{"custom_model_data":367},"model":"nova:item/gui/number/341"},{"predicate":{"custom_model_data":368},"model":"nova:item/gui/number/342"},{"predicate":{"custom_model_data":369},"model":"nova:item/gui/number/343"},{"predicate":{"custom_model_data":370},"model":"nova:item/gui/number/344"},{"predicate":{"custom_model_data":371},"model":"nova:item/gui/number/345"},{"predicate":{"custom_model_data":372},"model":"nova:item/gui/number/346"},{"predicate":{"custom_model_data":373},"model":"nova:item/gui/number/347"},{"predicate":{"custom_model_data":374},"model":"nova:item/gui/number/348"},{"predicate":{"custom_model_data":375},"model":"nova:item/gui/number/349"},{"predicate":{"custom_model_data":376},"model":"nova:item/gui/number/350"},{"predicate":{"custom_model_data":377},"model":"nova:item/gui/number/351"},{"predicate":{"custom_model_data":378},"model":"nova:item/gui/number/352"},{"predicate":{"custom_model_data":379},"model":"nova:item/gui/number/353"},{"predicate":{"custom_model_data":380},"model":"nova:item/gui/number/354"},{"predicate":{"custom_model_data":381},"model":"nova:item/gui/number/355"},{"predicate":{"custom_model_data":382},"model":"nova:item/gui/number/356"},{"predicate":{"custom_model_data":383},"model":"nova:item/gui/number/357"},{"predicate":{"custom_model_data":384},"model":"nova:item/gui/number/358"},{"predicate":{"custom_model_data":385},"model":"nova:item/gui/number/359"},{"predicate":{"custom_model_data":386},"model":"nova:item/gui/number/360"},{"predicate":{"custom_model_data":387},"model":"nova:item/gui/number/361"},{"predicate":{"custom_model_data":388},"model":"nova:item/gui/number/362"},{"predicate":{"custom_model_data":389},"model":"nova:item/gui/number/363"},{"predicate":{"custom_model_data":390},"model":"nova:item/gui/number/364"},{"predicate":{"custom_model_data":391},"model":"nova:item/gui/number/365"},{"predicate":{"custom_model_data":392},"model":"nova:item/gui/number/366"},{"predicate":{"custom_model_data":393},"model":"nova:item/gui/number/367"},{"predicate":{"custom_model_data":394},"model":"nova:item/gui/number/368"},{"predicate":{"custom_model_data":395},"model":"nova:item/gui/number/369"},{"predicate":{"custom_model_data":396},"model":"nova:item/gui/number/370"},{"predicate":{"custom_model_data":397},"model":"nova:item/gui/number/371"},{"predicate":{"custom_model_data":398},"model":"nova:item/gui/number/372"},{"predicate":{"custom_model_data":399},"model":"nova:item/gui/number/373"},{"predicate":{"custom_model_data":400},"model":"nova:item/gui/number/374"},{"predicate":{"custom_model_data":401},"model":"nova:item/gui/number/375"},{"predicate":{"custom_model_data":402},"model":"nova:item/gui/number/376"},{"predicate":{"custom_model_data":403},"model":"nova:item/gui/number/377"},{"predicate":{"custom_model_data":404},"model":"nova:item/gui/number/378"},{"predicate":{"custom_model_data":405},"model":"nova:item/gui/number/379"},{"predicate":{"custom_model_data":406},"model":"nova:item/gui/number/380"},{"predicate":{"custom_model_data":407},"model":"nova:item/gui/number/381"},{"predicate":{"custom_model_data":408},"model":"nova:item/gui/number/382"},{"predicate":{"custom_model_data":409},"model":"nova:item/gui/number/383"},{"predicate":{"custom_model_data":410},"model":"nova:item/gui/number/384"},{"predicate":{"custom_model_data":411},"model":"nova:item/gui/number/385"},{"predicate":{"custom_model_data":412},"model":"nova:item/gui/number/386"},{"predicate":{"custom_model_data":413},"model":"nova:item/gui/number/387"},{"predicate":{"custom_model_data":414},"model":"nova:item/gui/number/388"},{"predicate":{"custom_model_data":415},"model":"nova:item/gui/number/389"},{"predicate":{"custom_model_data":416},"model":"nova:item/gui/number/390"},{"predicate":{"custom_model_data":417},"model":"nova:item/gui/number/391"},{"predicate":{"custom_model_data":418},"model":"nova:item/gui/number/392"},{"predicate":{"custom_model_data":419},"model":"nova:item/gui/number/393"},{"predicate":{"custom_model_data":420},"model":"nova:item/gui/number/394"},{"predicate":{"custom_model_data":421},"model":"nova:item/gui/number/395"},{"predicate":{"custom_model_data":422},"model":"nova:item/gui/number/396"},{"predicate":{"custom_model_data":423},"model":"nova:item/gui/number/397"},{"predicate":{"custom_model_data":424},"model":"nova:item/gui/number/398"},{"predicate":{"custom_model_data":425},"model":"nova:item/gui/number/399"},{"predicate":{"custom_model_data":426},"model":"nova:item/gui/number/400"},{"predicate":{"custom_model_data":427},"model":"nova:item/gui/number/401"},{"predicate":{"custom_model_data":428},"model":"nova:item/gui/number/402"},{"predicate":{"custom_model_data":429},"model":"nova:item/gui/number/403"},{"predicate":{"custom_model_data":430},"model":"nova:item/gui/number/404"},{"predicate":{"custom_model_data":431},"model":"nova:item/gui/number/405"},{"predicate":{"custom_model_data":432},"model":"nova:item/gui/number/406"},{"predicate":{"custom_model_data":433},"model":"nova:item/gui/number/407"},{"predicate":{"custom_model_data":434},"model":"nova:item/gui/number/408"},{"predicate":{"custom_model_data":435},"model":"nova:item/gui/number/409"},{"predicate":{"custom_model_data":436},"model":"nova:item/gui/number/410"},{"predicate":{"custom_model_data":437},"model":"nova:item/gui/number/411"},{"predicate":{"custom_model_data":438},"model":"nova:item/gui/number/412"},{"predicate":{"custom_model_data":439},"model":"nova:item/gui/number/413"},{"predicate":{"custom_model_data":440},"model":"nova:item/gui/number/414"},{"predicate":{"custom_model_data":441},"model":"nova:item/gui/number/415"},{"predicate":{"custom_model_data":442},"model":"nova:item/gui/number/416"},{"predicate":{"custom_model_data":443},"model":"nova:item/gui/number/417"},{"predicate":{"custom_model_data":444},"model":"nova:item/gui/number/418"},{"predicate":{"custom_model_data":445},"model":"nova:item/gui/number/419"},{"predicate":{"custom_model_data":446},"model":"nova:item/gui/number/420"},{"predicate":{"custom_model_data":447},"model":"nova:item/gui/number/421"},{"predicate":{"custom_model_data":448},"model":"nova:item/gui/number/422"},{"predicate":{"custom_model_data":449},"model":"nova:item/gui/number/423"},{"predicate":{"custom_model_data":450},"model":"nova:item/gui/number/424"},{"predicate":{"custom_model_data":451},"model":"nova:item/gui/number/425"},{"predicate":{"custom_model_data":452},"model":"nova:item/gui/number/426"},{"predicate":{"custom_model_data":453},"model":"nova:item/gui/number/427"},{"predicate":{"custom_model_data":454},"model":"nova:item/gui/number/428"},{"predicate":{"custom_model_data":455},"model":"nova:item/gui/number/429"},{"predicate":{"custom_model_data":456},"model":"nova:item/gui/number/430"},{"predicate":{"custom_model_data":457},"model":"nova:item/gui/number/431"},{"predicate":{"custom_model_data":458},"model":"nova:item/gui/number/432"},{"predicate":{"custom_model_data":459},"model":"nova:item/gui/number/433"},{"predicate":{"custom_model_data":460},"model":"nova:item/gui/number/434"},{"predicate":{"custom_model_data":461},"model":"nova:item/gui/number/435"},{"predicate":{"custom_model_data":462},"model":"nova:item/gui/number/436"},{"predicate":{"custom_model_data":463},"model":"nova:item/gui/number/437"},{"predicate":{"custom_model_data":464},"model":"nova:item/gui/number/438"},{"predicate":{"custom_model_data":465},"model":"nova:item/gui/number/439"},{"predicate":{"custom_model_data":466},"model":"nova:item/gui/number/440"},{"predicate":{"custom_model_data":467},"model":"nova:item/gui/number/441"},{"predicate":{"custom_model_data":468},"model":"nova:item/gui/number/442"},{"predicate":{"custom_model_data":469},"model":"nova:item/gui/number/443"},{"predicate":{"custom_model_data":470},"model":"nova:item/gui/number/444"},{"predicate":{"custom_model_data":471},"model":"nova:item/gui/number/445"},{"predicate":{"custom_model_data":472},"model":"nova:item/gui/number/446"},{"predicate":{"custom_model_data":473},"model":"nova:item/gui/number/447"},{"predicate":{"custom_model_data":474},"model":"nova:item/gui/number/448"},{"predicate":{"custom_model_data":475},"model":"nova:item/gui/number/449"},{"predicate":{"custom_model_data":476},"model":"nova:item/gui/number/450"},{"predicate":{"custom_model_data":477},"model":"nova:item/gui/number/451"},{"predicate":{"custom_model_data":478},"model":"nova:item/gui/number/452"},{"predicate":{"custom_model_data":479},"model":"nova:item/gui/number/453"},{"predicate":{"custom_model_data":480},"model":"nova:item/gui/number/454"},{"predicate":{"custom_model_data":481},"model":"nova:item/gui/number/455"},{"predicate":{"custom_model_data":482},"model":"nova:item/gui/number/456"},{"predicate":{"custom_model_data":483},"model":"nova:item/gui/number/457"},{"predicate":{"custom_model_data":484},"model":"nova:item/gui/number/458"},{"predicate":{"custom_model_data":485},"model":"nova:item/gui/number/459"},{"predicate":{"custom_model_data":486},"model":"nova:item/gui/number/460"},{"predicate":{"custom_model_data":487},"model":"nova:item/gui/number/461"},{"predicate":{"custom_model_data":488},"model":"nova:item/gui/number/462"},{"predicate":{"custom_model_data":489},"model":"nova:item/gui/number/463"},{"predicate":{"custom_model_data":490},"model":"nova:item/gui/number/464"},{"predicate":{"custom_model_data":491},"model":"nova:item/gui/number/465"},{"predicate":{"custom_model_data":492},"model":"nova:item/gui/number/466"},{"predicate":{"custom_model_data":493},"model":"nova:item/gui/number/467"},{"predicate":{"custom_model_data":494},"model":"nova:item/gui/number/468"},{"predicate":{"custom_model_data":495},"model":"nova:item/gui/number/469"},{"predicate":{"custom_model_data":496},"model":"nova:item/gui/number/470"},{"predicate":{"custom_model_data":497},"model":"nova:item/gui/number/471"},{"predicate":{"custom_model_data":498},"model":"nova:item/gui/number/472"},{"predicate":{"custom_model_data":499},"model":"nova:item/gui/number/473"},{"predicate":{"custom_model_data":500},"model":"nova:item/gui/number/474"},{"predicate":{"custom_model_data":501},"model":"nova:item/gui/number/475"},{"predicate":{"custom_model_data":502},"model":"nova:item/gui/number/476"},{"predicate":{"custom_model_data":503},"model":"nova:item/gui/number/477"},{"predicate":{"custom_model_data":504},"model":"nova:item/gui/number/478"},{"predicate":{"custom_model_data":505},"model":"nova:item/gui/number/479"},{"predicate":{"custom_model_data":506},"model":"nova:item/gui/number/480"},{"predicate":{"custom_model_data":507},"model":"nova:item/gui/number/481"},{"predicate":{"custom_model_data":508},"model":"nova:item/gui/number/482"},{"predicate":{"custom_model_data":509},"model":"nova:item/gui/number/483"},{"predicate":{"custom_model_data":510},"model":"nova:item/gui/number/484"},{"predicate":{"custom_model_data":511},"model":"nova:item/gui/number/485"},{"predicate":{"custom_model_data":512},"model":"nova:item/gui/number/486"},{"predicate":{"custom_model_data":513},"model":"nova:item/gui/number/487"},{"predicate":{"custom_model_data":514},"model":"nova:item/gui/number/488"},{"predicate":{"custom_model_data":515},"model":"nova:item/gui/number/489"},{"predicate":{"custom_model_data":516},"model":"nova:item/gui/number/490"},{"predicate":{"custom_model_data":517},"model":"nova:item/gui/number/491"},{"predicate":{"custom_model_data":518},"model":"nova:item/gui/number/492"},{"predicate":{"custom_model_data":519},"model":"nova:item/gui/number/493"},{"predicate":{"custom_model_data":520},"model":"nova:item/gui/number/494"},{"predicate":{"custom_model_data":521},"model":"nova:item/gui/number/495"},{"predicate":{"custom_model_data":522},"model":"nova:item/gui/number/496"},{"predicate":{"custom_model_data":523},"model":"nova:item/gui/number/497"},{"predicate":{"custom_model_data":524},"model":"nova:item/gui/number/498"},{"predicate":{"custom_model_data":525},"model":"nova:item/gui/number/499"},{"predicate":{"custom_model_data":526},"model":"nova:item/gui/number/500"},{"predicate":{"custom_model_data":527},"model":"nova:item/gui/number/501"},{"predicate":{"custom_model_data":528},"model":"nova:item/gui/number/502"},{"predicate":{"custom_model_data":529},"model":"nova:item/gui/number/503"},{"predicate":{"custom_model_data":530},"model":"nova:item/gui/number/504"},{"predicate":{"custom_model_data":531},"model":"nova:item/gui/number/505"},{"predicate":{"custom_model_data":532},"model":"nova:item/gui/number/506"},{"predicate":{"custom_model_data":533},"model":"nova:item/gui/number/507"},{"predicate":{"custom_model_data":534},"model":"nova:item/gui/number/508"},{"predicate":{"custom_model_data":535},"model":"nova:item/gui/number/509"},{"predicate":{"custom_model_data":536},"model":"nova:item/gui/number/510"},{"predicate":{"custom_model_data":537},"model":"nova:item/gui/number/511"},{"predicate":{"custom_model_data":538},"model":"nova:item/gui/number/512"},{"predicate":{"custom_model_data":539},"model":"nova:item/gui/number/513"},{"predicate":{"custom_model_data":540},"model":"nova:item/gui/number/514"},{"predicate":{"custom_model_data":541},"model":"nova:item/gui/number/515"},{"predicate":{"custom_model_data":542},"model":"nova:item/gui/number/516"},{"predicate":{"custom_model_data":543},"model":"nova:item/gui/number/517"},{"predicate":{"custom_model_data":544},"model":"nova:item/gui/number/518"},{"predicate":{"custom_model_data":545},"model":"nova:item/gui/number/519"},{"predicate":{"custom_model_data":546},"model":"nova:item/gui/number/520"},{"predicate":{"custom_model_data":547},"model":"nova:item/gui/number/521"},{"predicate":{"custom_model_data":548},"model":"nova:item/gui/number/522"},{"predicate":{"custom_model_data":549},"model":"nova:item/gui/number/523"},{"predicate":{"custom_model_data":550},"model":"nova:item/gui/number/524"},{"predicate":{"custom_model_data":551},"model":"nova:item/gui/number/525"},{"predicate":{"custom_model_data":552},"model":"nova:item/gui/number/526"},{"predicate":{"custom_model_data":553},"model":"nova:item/gui/number/527"},{"predicate":{"custom_model_data":554},"model":"nova:item/gui/number/528"},{"predicate":{"custom_model_data":555},"model":"nova:item/gui/number/529"},{"predicate":{"custom_model_data":556},"model":"nova:item/gui/number/530"},{"predicate":{"custom_model_data":557},"model":"nova:item/gui/number/531"},{"predicate":{"custom_model_data":558},"model":"nova:item/gui/number/532"},{"predicate":{"custom_model_data":559},"model":"nova:item/gui/number/533"},{"predicate":{"custom_model_data":560},"model":"nova:item/gui/number/534"},{"predicate":{"custom_model_data":561},"model":"nova:item/gui/number/535"},{"predicate":{"custom_model_data":562},"model":"nova:item/gui/number/536"},{"predicate":{"custom_model_data":563},"model":"nova:item/gui/number/537"},{"predicate":{"custom_model_data":564},"model":"nova:item/gui/number/538"},{"predicate":{"custom_model_data":565},"model":"nova:item/gui/number/539"},{"predicate":{"custom_model_data":566},"model":"nova:item/gui/number/540"},{"predicate":{"custom_model_data":567},"model":"nova:item/gui/number/541"},{"predicate":{"custom_model_data":568},"model":"nova:item/gui/number/542"},{"predicate":{"custom_model_data":569},"model":"nova:item/gui/number/543"},{"predicate":{"custom_model_data":570},"model":"nova:item/gui/number/544"},{"predicate":{"custom_model_data":571},"model":"nova:item/gui/number/545"},{"predicate":{"custom_model_data":572},"model":"nova:item/gui/number/546"},{"predicate":{"custom_model_data":573},"model":"nova:item/gui/number/547"},{"predicate":{"custom_model_data":574},"model":"nova:item/gui/number/548"},{"predicate":{"custom_model_data":575},"model":"nova:item/gui/number/549"},{"predicate":{"custom_model_data":576},"model":"nova:item/gui/number/550"},{"predicate":{"custom_model_data":577},"model":"nova:item/gui/number/551"},{"predicate":{"custom_model_data":578},"model":"nova:item/gui/number/552"},{"predicate":{"custom_model_data":579},"model":"nova:item/gui/number/553"},{"predicate":{"custom_model_data":580},"model":"nova:item/gui/number/554"},{"predicate":{"custom_model_data":581},"model":"nova:item/gui/number/555"},{"predicate":{"custom_model_data":582},"model":"nova:item/gui/number/556"},{"predicate":{"custom_model_data":583},"model":"nova:item/gui/number/557"},{"predicate":{"custom_model_data":584},"model":"nova:item/gui/number/558"},{"predicate":{"custom_model_data":585},"model":"nova:item/gui/number/559"},{"predicate":{"custom_model_data":586},"model":"nova:item/gui/number/560"},{"predicate":{"custom_model_data":587},"model":"nova:item/gui/number/561"},{"predicate":{"custom_model_data":588},"model":"nova:item/gui/number/562"},{"predicate":{"custom_model_data":589},"model":"nova:item/gui/number/563"},{"predicate":{"custom_model_data":590},"model":"nova:item/gui/number/564"},{"predicate":{"custom_model_data":591},"model":"nova:item/gui/number/565"},{"predicate":{"custom_model_data":592},"model":"nova:item/gui/number/566"},{"predicate":{"custom_model_data":593},"model":"nova:item/gui/number/567"},{"predicate":{"custom_model_data":594},"model":"nova:item/gui/number/568"},{"predicate":{"custom_model_data":595},"model":"nova:item/gui/number/569"},{"predicate":{"custom_model_data":596},"model":"nova:item/gui/number/570"},{"predicate":{"custom_model_data":597},"model":"nova:item/gui/number/571"},{"predicate":{"custom_model_data":598},"model":"nova:item/gui/number/572"},{"predicate":{"custom_model_data":599},"model":"nova:item/gui/number/573"},{"predicate":{"custom_model_data":600},"model":"nova:item/gui/number/574"},{"predicate":{"custom_model_data":601},"model":"nova:item/gui/number/575"},{"predicate":{"custom_model_data":602},"model":"nova:item/gui/number/576"},{"predicate":{"custom_model_data":603},"model":"nova:item/gui/number/577"},{"predicate":{"custom_model_data":604},"model":"nova:item/gui/number/578"},{"predicate":{"custom_model_data":605},"model":"nova:item/gui/number/579"},{"predicate":{"custom_model_data":606},"model":"nova:item/gui/number/580"},{"predicate":{"custom_model_data":607},"model":"nova:item/gui/number/581"},{"predicate":{"custom_model_data":608},"model":"nova:item/gui/number/582"},{"predicate":{"custom_model_data":609},"model":"nova:item/gui/number/583"},{"predicate":{"custom_model_data":610},"model":"nova:item/gui/number/584"},{"predicate":{"custom_model_data":611},"model":"nova:item/gui/number/585"},{"predicate":{"custom_model_data":612},"model":"nova:item/gui/number/586"},{"predicate":{"custom_model_data":613},"model":"nova:item/gui/number/587"},{"predicate":{"custom_model_data":614},"model":"nova:item/gui/number/588"},{"predicate":{"custom_model_data":615},"model":"nova:item/gui/number/589"},{"predicate":{"custom_model_data":616},"model":"nova:item/gui/number/590"},{"predicate":{"custom_model_data":617},"model":"nova:item/gui/number/591"},{"predicate":{"custom_model_data":618},"model":"nova:item/gui/number/592"},{"predicate":{"custom_model_data":619},"model":"nova:item/gui/number/593"},{"predicate":{"custom_model_data":620},"model":"nova:item/gui/number/594"},{"predicate":{"custom_model_data":621},"model":"nova:item/gui/number/595"},{"predicate":{"custom_model_data":622},"model":"nova:item/gui/number/596"},{"predicate":{"custom_model_data":623},"model":"nova:item/gui/number/597"},{"predicate":{"custom_model_data":624},"model":"nova:item/gui/number/598"},{"predicate":{"custom_model_data":625},"model":"nova:item/gui/number/599"},{"predicate":{"custom_model_data":626},"model":"nova:item/gui/number/600"},{"predicate":{"custom_model_data":627},"model":"nova:item/gui/number/601"},{"predicate":{"custom_model_data":628},"model":"nova:item/gui/number/602"},{"predicate":{"custom_model_data":629},"model":"nova:item/gui/number/603"},{"predicate":{"custom_model_data":630},"model":"nova:item/gui/number/604"},{"predicate":{"custom_model_data":631},"model":"nova:item/gui/number/605"},{"predicate":{"custom_model_data":632},"model":"nova:item/gui/number/606"},{"predicate":{"custom_model_data":633},"model":"nova:item/gui/number/607"},{"predicate":{"custom_model_data":634},"model":"nova:item/gui/number/608"},{"predicate":{"custom_model_data":635},"model":"nova:item/gui/number/609"},{"predicate":{"custom_model_data":636},"model":"nova:item/gui/number/610"},{"predicate":{"custom_model_data":637},"model":"nova:item/gui/number/611"},{"predicate":{"custom_model_data":638},"model":"nova:item/gui/number/612"},{"predicate":{"custom_model_data":639},"model":"nova:item/gui/number/613"},{"predicate":{"custom_model_data":640},"model":"nova:item/gui/number/614"},{"predicate":{"custom_model_data":641},"model":"nova:item/gui/number/615"},{"predicate":{"custom_model_data":642},"model":"nova:item/gui/number/616"},{"predicate":{"custom_model_data":643},"model":"nova:item/gui/number/617"},{"predicate":{"custom_model_data":644},"model":"nova:item/gui/number/618"},{"predicate":{"custom_model_data":645},"model":"nova:item/gui/number/619"},{"predicate":{"custom_model_data":646},"model":"nova:item/gui/number/620"},{"predicate":{"custom_model_data":647},"model":"nova:item/gui/number/621"},{"predicate":{"custom_model_data":648},"model":"nova:item/gui/number/622"},{"predicate":{"custom_model_data":649},"model":"nova:item/gui/number/623"},{"predicate":{"custom_model_data":650},"model":"nova:item/gui/number/624"},{"predicate":{"custom_model_data":651},"model":"nova:item/gui/number/625"},{"predicate":{"custom_model_data":652},"model":"nova:item/gui/number/626"},{"predicate":{"custom_model_data":653},"model":"nova:item/gui/number/627"},{"predicate":{"custom_model_data":654},"model":"nova:item/gui/number/628"},{"predicate":{"custom_model_data":655},"model":"nova:item/gui/number/629"},{"predicate":{"custom_model_data":656},"model":"nova:item/gui/number/630"},{"predicate":{"custom_model_data":657},"model":"nova:item/gui/number/631"},{"predicate":{"custom_model_data":658},"model":"nova:item/gui/number/632"},{"predicate":{"custom_model_data":659},"model":"nova:item/gui/number/633"},{"predicate":{"custom_model_data":660},"model":"nova:item/gui/number/634"},{"predicate":{"custom_model_data":661},"model":"nova:item/gui/number/635"},{"predicate":{"custom_model_data":662},"model":"nova:item/gui/number/636"},{"predicate":{"custom_model_data":663},"model":"nova:item/gui/number/637"},{"predicate":{"custom_model_data":664},"model":"nova:item/gui/number/638"},{"predicate":{"custom_model_data":665},"model":"nova:item/gui/number/639"},{"predicate":{"custom_model_data":666},"model":"nova:item/gui/number/640"},{"predicate":{"custom_model_data":667},"model":"nova:item/gui/number/641"},{"predicate":{"custom_model_data":668},"model":"nova:item/gui/number/642"},{"predicate":{"custom_model_data":669},"model":"nova:item/gui/number/643"},{"predicate":{"custom_model_data":670},"model":"nova:item/gui/number/644"},{"predicate":{"custom_model_data":671},"model":"nova:item/gui/number/645"},{"predicate":{"custom_model_data":672},"model":"nova:item/gui/number/646"},{"predicate":{"custom_model_data":673},"model":"nova:item/gui/number/647"},{"predicate":{"custom_model_data":674},"model":"nova:item/gui/number/648"},{"predicate":{"custom_model_data":675},"model":"nova:item/gui/number/649"},{"predicate":{"custom_model_data":676},"model":"nova:item/gui/number/650"},{"predicate":{"custom_model_data":677},"model":"nova:item/gui/number/651"},{"predicate":{"custom_model_data":678},"model":"nova:item/gui/number/652"},{"predicate":{"custom_model_data":679},"model":"nova:item/gui/number/653"},{"predicate":{"custom_model_data":680},"model":"nova:item/gui/number/654"},{"predicate":{"custom_model_data":681},"model":"nova:item/gui/number/655"},{"predicate":{"custom_model_data":682},"model":"nova:item/gui/number/656"},{"predicate":{"custom_model_data":683},"model":"nova:item/gui/number/657"},{"predicate":{"custom_model_data":684},"model":"nova:item/gui/number/658"},{"predicate":{"custom_model_data":685},"model":"nova:item/gui/number/659"},{"predicate":{"custom_model_data":686},"model":"nova:item/gui/number/660"},{"predicate":{"custom_model_data":687},"model":"nova:item/gui/number/661"},{"predicate":{"custom_model_data":688},"model":"nova:item/gui/number/662"},{"predicate":{"custom_model_data":689},"model":"nova:item/gui/number/663"},{"predicate":{"custom_model_data":690},"model":"nova:item/gui/number/664"},{"predicate":{"custom_model_data":691},"model":"nova:item/gui/number/665"},{"predicate":{"custom_model_data":692},"model":"nova:item/gui/number/666"},{"predicate":{"custom_model_data":693},"model":"nova:item/gui/number/667"},{"predicate":{"custom_model_data":694},"model":"nova:item/gui/number/668"},{"predicate":{"custom_model_data":695},"model":"nova:item/gui/number/669"},{"predicate":{"custom_model_data":696},"model":"nova:item/gui/number/670"},{"predicate":{"custom_model_data":697},"model":"nova:item/gui/number/671"},{"predicate":{"custom_model_data":698},"model":"nova:item/gui/number/672"},{"predicate":{"custom_model_data":699},"model":"nova:item/gui/number/673"},{"predicate":{"custom_model_data":700},"model":"nova:item/gui/number/674"},{"predicate":{"custom_model_data":701},"model":"nova:item/gui/number/675"},{"predicate":{"custom_model_data":702},"model":"nova:item/gui/number/676"},{"predicate":{"custom_model_data":703},"model":"nova:item/gui/number/677"},{"predicate":{"custom_model_data":704},"model":"nova:item/gui/number/678"},{"predicate":{"custom_model_data":705},"model":"nova:item/gui/number/679"},{"predicate":{"custom_model_data":706},"model":"nova:item/gui/number/680"},{"predicate":{"custom_model_data":707},"model":"nova:item/gui/number/681"},{"predicate":{"custom_model_data":708},"model":"nova:item/gui/number/682"},{"predicate":{"custom_model_data":709},"model":"nova:item/gui/number/683"},{"predicate":{"custom_model_data":710},"model":"nova:item/gui/number/684"},{"predicate":{"custom_model_data":711},"model":"nova:item/gui/number/685"},{"predicate":{"custom_model_data":712},"model":"nova:item/gui/number/686"},{"predicate":{"custom_model_data":713},"model":"nova:item/gui/number/687"},{"predicate":{"custom_model_data":714},"model":"nova:item/gui/number/688"},{"predicate":{"custom_model_data":715},"model":"nova:item/gui/number/689"},{"predicate":{"custom_model_data":716},"model":"nova:item/gui/number/690"},{"predicate":{"custom_model_data":717},"model":"nova:item/gui/number/691"},{"predicate":{"custom_model_data":718},"model":"nova:item/gui/number/692"},{"predicate":{"custom_model_data":719},"model":"nova:item/gui/number/693"},{"predicate":{"custom_model_data":720},"model":"nova:item/gui/number/694"},{"predicate":{"custom_model_data":721},"model":"nova:item/gui/number/695"},{"predicate":{"custom_model_data":722},"model":"nova:item/gui/number/696"},{"predicate":{"custom_model_data":723},"model":"nova:item/gui/number/697"},{"predicate":{"custom_model_data":724},"model":"nova:item/gui/number/698"},{"predicate":{"custom_model_data":725},"model":"nova:item/gui/number/699"},{"predicate":{"custom_model_data":726},"model":"nova:item/gui/number/700"},{"predicate":{"custom_model_data":727},"model":"nova:item/gui/number/701"},{"predicate":{"custom_model_data":728},"model":"nova:item/gui/number/702"},{"predicate":{"custom_model_data":729},"model":"nova:item/gui/number/703"},{"predicate":{"custom_model_data":730},"model":"nova:item/gui/number/704"},{"predicate":{"custom_model_data":731},"model":"nova:item/gui/number/705"},{"predicate":{"custom_model_data":732},"model":"nova:item/gui/number/706"},{"predicate":{"custom_model_data":733},"model":"nova:item/gui/number/707"},{"predicate":{"custom_model_data":734},"model":"nova:item/gui/number/708"},{"predicate":{"custom_model_data":735},"model":"nova:item/gui/number/709"},{"predicate":{"custom_model_data":736},"model":"nova:item/gui/number/710"},{"predicate":{"custom_model_data":737},"model":"nova:item/gui/number/711"},{"predicate":{"custom_model_data":738},"model":"nova:item/gui/number/712"},{"predicate":{"custom_model_data":739},"model":"nova:item/gui/number/713"},{"predicate":{"custom_model_data":740},"model":"nova:item/gui/number/714"},{"predicate":{"custom_model_data":741},"model":"nova:item/gui/number/715"},{"predicate":{"custom_model_data":742},"model":"nova:item/gui/number/716"},{"predicate":{"custom_model_data":743},"model":"nova:item/gui/number/717"},{"predicate":{"custom_model_data":744},"model":"nova:item/gui/number/718"},{"predicate":{"custom_model_data":745},"model":"nova:item/gui/number/719"},{"predicate":{"custom_model_data":746},"model":"nova:item/gui/number/720"},{"predicate":{"custom_model_data":747},"model":"nova:item/gui/number/721"},{"predicate":{"custom_model_data":748},"model":"nova:item/gui/number/722"},{"predicate":{"custom_model_data":749},"model":"nova:item/gui/number/723"},{"predicate":{"custom_model_data":750},"model":"nova:item/gui/number/724"},{"predicate":{"custom_model_data":751},"model":"nova:item/gui/number/725"},{"predicate":{"custom_model_data":752},"model":"nova:item/gui/number/726"},{"predicate":{"custom_model_data":753},"model":"nova:item/gui/number/727"},{"predicate":{"custom_model_data":754},"model":"nova:item/gui/number/728"},{"predicate":{"custom_model_data":755},"model":"nova:item/gui/number/729"},{"predicate":{"custom_model_data":756},"model":"nova:item/gui/number/730"},{"predicate":{"custom_model_data":757},"model":"nova:item/gui/number/731"},{"predicate":{"custom_model_data":758},"model":"nova:item/gui/number/732"},{"predicate":{"custom_model_data":759},"model":"nova:item/gui/number/733"},{"predicate":{"custom_model_data":760},"model":"nova:item/gui/number/734"},{"predicate":{"custom_model_data":761},"model":"nova:item/gui/number/735"},{"predicate":{"custom_model_data":762},"model":"nova:item/gui/number/736"},{"predicate":{"custom_model_data":763},"model":"nova:item/gui/number/737"},{"predicate":{"custom_model_data":764},"model":"nova:item/gui/number/738"},{"predicate":{"custom_model_data":765},"model":"nova:item/gui/number/739"},{"predicate":{"custom_model_data":766},"model":"nova:item/gui/number/740"},{"predicate":{"custom_model_data":767},"model":"nova:item/gui/number/741"},{"predicate":{"custom_model_data":768},"model":"nova:item/gui/number/742"},{"predicate":{"custom_model_data":769},"model":"nova:item/gui/number/743"},{"predicate":{"custom_model_data":770},"model":"nova:item/gui/number/744"},{"predicate":{"custom_model_data":771},"model":"nova:item/gui/number/745"},{"predicate":{"custom_model_data":772},"model":"nova:item/gui/number/746"},{"predicate":{"custom_model_data":773},"model":"nova:item/gui/number/747"},{"predicate":{"custom_model_data":774},"model":"nova:item/gui/number/748"},{"predicate":{"custom_model_data":775},"model":"nova:item/gui/number/749"},{"predicate":{"custom_model_data":776},"model":"nova:item/gui/number/750"},{"predicate":{"custom_model_data":777},"model":"nova:item/gui/number/751"},{"predicate":{"custom_model_data":778},"model":"nova:item/gui/number/752"},{"predicate":{"custom_model_data":779},"model":"nova:item/gui/number/753"},{"predicate":{"custom_model_data":780},"model":"nova:item/gui/number/754"},{"predicate":{"custom_model_data":781},"model":"nova:item/gui/number/755"},{"predicate":{"custom_model_data":782},"model":"nova:item/gui/number/756"},{"predicate":{"custom_model_data":783},"model":"nova:item/gui/number/757"},{"predicate":{"custom_model_data":784},"model":"nova:item/gui/number/758"},{"predicate":{"custom_model_data":785},"model":"nova:item/gui/number/759"},{"predicate":{"custom_model_data":786},"model":"nova:item/gui/number/760"},{"predicate":{"custom_model_data":787},"model":"nova:item/gui/number/761"},{"predicate":{"custom_model_data":788},"model":"nova:item/gui/number/762"},{"predicate":{"custom_model_data":789},"model":"nova:item/gui/number/763"},{"predicate":{"custom_model_data":790},"model":"nova:item/gui/number/764"},{"predicate":{"custom_model_data":791},"model":"nova:item/gui/number/765"},{"predicate":{"custom_model_data":792},"model":"nova:item/gui/number/766"},{"predicate":{"custom_model_data":793},"model":"nova:item/gui/number/767"},{"predicate":{"custom_model_data":794},"model":"nova:item/gui/number/768"},{"predicate":{"custom_model_data":795},"model":"nova:item/gui/number/769"},{"predicate":{"custom_model_data":796},"model":"nova:item/gui/number/770"},{"predicate":{"custom_model_data":797},"model":"nova:item/gui/number/771"},{"predicate":{"custom_model_data":798},"model":"nova:item/gui/number/772"},{"predicate":{"custom_model_data":799},"model":"nova:item/gui/number/773"},{"predicate":{"custom_model_data":800},"model":"nova:item/gui/number/774"},{"predicate":{"custom_model_data":801},"model":"nova:item/gui/number/775"},{"predicate":{"custom_model_data":802},"model":"nova:item/gui/number/776"},{"predicate":{"custom_model_data":803},"model":"nova:item/gui/number/777"},{"predicate":{"custom_model_data":804},"model":"nova:item/gui/number/778"},{"predicate":{"custom_model_data":805},"model":"nova:item/gui/number/779"},{"predicate":{"custom_model_data":806},"model":"nova:item/gui/number/780"},{"predicate":{"custom_model_data":807},"model":"nova:item/gui/number/781"},{"predicate":{"custom_model_data":808},"model":"nova:item/gui/number/782"},{"predicate":{"custom_model_data":809},"model":"nova:item/gui/number/783"},{"predicate":{"custom_model_data":810},"model":"nova:item/gui/number/784"},{"predicate":{"custom_model_data":811},"model":"nova:item/gui/number/785"},{"predicate":{"custom_model_data":812},"model":"nova:item/gui/number/786"},{"predicate":{"custom_model_data":813},"model":"nova:item/gui/number/787"},{"predicate":{"custom_model_data":814},"model":"nova:item/gui/number/788"},{"predicate":{"custom_model_data":815},"model":"nova:item/gui/number/789"},{"predicate":{"custom_model_data":816},"model":"nova:item/gui/number/790"},{"predicate":{"custom_model_data":817},"model":"nova:item/gui/number/791"},{"predicate":{"custom_model_data":818},"model":"nova:item/gui/number/792"},{"predicate":{"custom_model_data":819},"model":"nova:item/gui/number/793"},{"predicate":{"custom_model_data":820},"model":"nova:item/gui/number/794"},{"predicate":{"custom_model_data":821},"model":"nova:item/gui/number/795"},{"predicate":{"custom_model_data":822},"model":"nova:item/gui/number/796"},{"predicate":{"custom_model_data":823},"model":"nova:item/gui/number/797"},{"predicate":{"custom_model_data":824},"model":"nova:item/gui/number/798"},{"predicate":{"custom_model_data":825},"model":"nova:item/gui/number/799"},{"predicate":{"custom_model_data":826},"model":"nova:item/gui/number/800"},{"predicate":{"custom_model_data":827},"model":"nova:item/gui/number/801"},{"predicate":{"custom_model_data":828},"model":"nova:item/gui/number/802"},{"predicate":{"custom_model_data":829},"model":"nova:item/gui/number/803"},{"predicate":{"custom_model_data":830},"model":"nova:item/gui/number/804"},{"predicate":{"custom_model_data":831},"model":"nova:item/gui/number/805"},{"predicate":{"custom_model_data":832},"model":"nova:item/gui/number/806"},{"predicate":{"custom_model_data":833},"model":"nova:item/gui/number/807"},{"predicate":{"custom_model_data":834},"model":"nova:item/gui/number/808"},{"predicate":{"custom_model_data":835},"model":"nova:item/gui/number/809"},{"predicate":{"custom_model_data":836},"model":"nova:item/gui/number/810"},{"predicate":{"custom_model_data":837},"model":"nova:item/gui/number/811"},{"predicate":{"custom_model_data":838},"model":"nova:item/gui/number/812"},{"predicate":{"custom_model_data":839},"model":"nova:item/gui/number/813"},{"predicate":{"custom_model_data":840},"model":"nova:item/gui/number/814"},{"predicate":{"custom_model_data":841},"model":"nova:item/gui/number/815"},{"predicate":{"custom_model_data":842},"model":"nova:item/gui/number/816"},{"predicate":{"custom_model_data":843},"model":"nova:item/gui/number/817"},{"predicate":{"custom_model_data":844},"model":"nova:item/gui/number/818"},{"predicate":{"custom_model_data":845},"model":"nova:item/gui/number/819"},{"predicate":{"custom_model_data":846},"model":"nova:item/gui/number/820"},{"predicate":{"custom_model_data":847},"model":"nova:item/gui/number/821"},{"predicate":{"custom_model_data":848},"model":"nova:item/gui/number/822"},{"predicate":{"custom_model_data":849},"model":"nova:item/gui/number/823"},{"predicate":{"custom_model_data":850},"model":"nova:item/gui/number/824"},{"predicate":{"custom_model_data":851},"model":"nova:item/gui/number/825"},{"predicate":{"custom_model_data":852},"model":"nova:item/gui/number/826"},{"predicate":{"custom_model_data":853},"model":"nova:item/gui/number/827"},{"predicate":{"custom_model_data":854},"model":"nova:item/gui/number/828"},{"predicate":{"custom_model_data":855},"model":"nova:item/gui/number/829"},{"predicate":{"custom_model_data":856},"model":"nova:item/gui/number/830"},{"predicate":{"custom_model_data":857},"model":"nova:item/gui/number/831"},{"predicate":{"custom_model_data":858},"model":"nova:item/gui/number/832"},{"predicate":{"custom_model_data":859},"model":"nova:item/gui/number/833"},{"predicate":{"custom_model_data":860},"model":"nova:item/gui/number/834"},{"predicate":{"custom_model_data":861},"model":"nova:item/gui/number/835"},{"predicate":{"custom_model_data":862},"model":"nova:item/gui/number/836"},{"predicate":{"custom_model_data":863},"model":"nova:item/gui/number/837"},{"predicate":{"custom_model_data":864},"model":"nova:item/gui/number/838"},{"predicate":{"custom_model_data":865},"model":"nova:item/gui/number/839"},{"predicate":{"custom_model_data":866},"model":"nova:item/gui/number/840"},{"predicate":{"custom_model_data":867},"model":"nova:item/gui/number/841"},{"predicate":{"custom_model_data":868},"model":"nova:item/gui/number/842"},{"predicate":{"custom_model_data":869},"model":"nova:item/gui/number/843"},{"predicate":{"custom_model_data":870},"model":"nova:item/gui/number/844"},{"predicate":{"custom_model_data":871},"model":"nova:item/gui/number/845"},{"predicate":{"custom_model_data":872},"model":"nova:item/gui/number/846"},{"predicate":{"custom_model_data":873},"model":"nova:item/gui/number/847"},{"predicate":{"custom_model_data":874},"model":"nova:item/gui/number/848"},{"predicate":{"custom_model_data":875},"model":"nova:item/gui/number/849"},{"predicate":{"custom_model_data":876},"model":"nova:item/gui/number/850"},{"predicate":{"custom_model_data":877},"model":"nova:item/gui/number/851"},{"predicate":{"custom_model_data":878},"model":"nova:item/gui/number/852"},{"predicate":{"custom_model_data":879},"model":"nova:item/gui/number/853"},{"predicate":{"custom_model_data":880},"model":"nova:item/gui/number/854"},{"predicate":{"custom_model_data":881},"model":"nova:item/gui/number/855"},{"predicate":{"custom_model_data":882},"model":"nova:item/gui/number/856"},{"predicate":{"custom_model_data":883},"model":"nova:item/gui/number/857"},{"predicate":{"custom_model_data":884},"model":"nova:item/gui/number/858"},{"predicate":{"custom_model_data":885},"model":"nova:item/gui/number/859"},{"predicate":{"custom_model_data":886},"model":"nova:item/gui/number/860"},{"predicate":{"custom_model_data":887},"model":"nova:item/gui/number/861"},{"predicate":{"custom_model_data":888},"model":"nova:item/gui/number/862"},{"predicate":{"custom_model_data":889},"model":"nova:item/gui/number/863"},{"predicate":{"custom_model_data":890},"model":"nova:item/gui/number/864"},{"predicate":{"custom_model_data":891},"model":"nova:item/gui/number/865"},{"predicate":{"custom_model_data":892},"model":"nova:item/gui/number/866"},{"predicate":{"custom_model_data":893},"model":"nova:item/gui/number/867"},{"predicate":{"custom_model_data":894},"model":"nova:item/gui/number/868"},{"predicate":{"custom_model_data":895},"model":"nova:item/gui/number/869"},{"predicate":{"custom_model_data":896},"model":"nova:item/gui/number/870"},{"predicate":{"custom_model_data":897},"model":"nova:item/gui/number/871"},{"predicate":{"custom_model_data":898},"model":"nova:item/gui/number/872"},{"predicate":{"custom_model_data":899},"model":"nova:item/gui/number/873"},{"predicate":{"custom_model_data":900},"model":"nova:item/gui/number/874"},{"predicate":{"custom_model_data":901},"model":"nova:item/gui/number/875"},{"predicate":{"custom_model_data":902},"model":"nova:item/gui/number/876"},{"predicate":{"custom_model_data":903},"model":"nova:item/gui/number/877"},{"predicate":{"custom_model_data":904},"model":"nova:item/gui/number/878"},{"predicate":{"custom_model_data":905},"model":"nova:item/gui/number/879"},{"predicate":{"custom_model_data":906},"model":"nova:item/gui/number/880"},{"predicate":{"custom_model_data":907},"model":"nova:item/gui/number/881"},{"predicate":{"custom_model_data":908},"model":"nova:item/gui/number/882"},{"predicate":{"custom_model_data":909},"model":"nova:item/gui/number/883"},{"predicate":{"custom_model_data":910},"model":"nova:item/gui/number/884"},{"predicate":{"custom_model_data":911},"model":"nova:item/gui/number/885"},{"predicate":{"custom_model_data":912},"model":"nova:item/gui/number/886"},{"predicate":{"custom_model_data":913},"model":"nova:item/gui/number/887"},{"predicate":{"custom_model_data":914},"model":"nova:item/gui/number/888"},{"predicate":{"custom_model_data":915},"model":"nova:item/gui/number/889"},{"predicate":{"custom_model_data":916},"model":"nova:item/gui/number/890"},{"predicate":{"custom_model_data":917},"model":"nova:item/gui/number/891"},{"predicate":{"custom_model_data":918},"model":"nova:item/gui/number/892"},{"predicate":{"custom_model_data":919},"model":"nova:item/gui/number/893"},{"predicate":{"custom_model_data":920},"model":"nova:item/gui/number/894"},{"predicate":{"custom_model_data":921},"model":"nova:item/gui/number/895"},{"predicate":{"custom_model_data":922},"model":"nova:item/gui/number/896"},{"predicate":{"custom_model_data":923},"model":"nova:item/gui/number/897"},{"predicate":{"custom_model_data":924},"model":"nova:item/gui/number/898"},{"predicate":{"custom_model_data":925},"model":"nova:item/gui/number/899"},{"predicate":{"custom_model_data":926},"model":"nova:item/gui/number/900"},{"predicate":{"custom_model_data":927},"model":"nova:item/gui/number/901"},{"predicate":{"custom_model_data":928},"model":"nova:item/gui/number/902"},{"predicate":{"custom_model_data":929},"model":"nova:item/gui/number/903"},{"predicate":{"custom_model_data":930},"model":"nova:item/gui/number/904"},{"predicate":{"custom_model_data":931},"model":"nova:item/gui/number/905"},{"predicate":{"custom_model_data":932},"model":"nova:item/gui/number/906"},{"predicate":{"custom_model_data":933},"model":"nova:item/gui/number/907"},{"predicate":{"custom_model_data":934},"model":"nova:item/gui/number/908"},{"predicate":{"custom_model_data":935},"model":"nova:item/gui/number/909"},{"predicate":{"custom_model_data":936},"model":"nova:item/gui/number/910"},{"predicate":{"custom_model_data":937},"model":"nova:item/gui/number/911"},{"predicate":{"custom_model_data":938},"model":"nova:item/gui/number/912"},{"predicate":{"custom_model_data":939},"model":"nova:item/gui/number/913"},{"predicate":{"custom_model_data":940},"model":"nova:item/gui/number/914"},{"predicate":{"custom_model_data":941},"model":"nova:item/gui/number/915"},{"predicate":{"custom_model_data":942},"model":"nova:item/gui/number/916"},{"predicate":{"custom_model_data":943},"model":"nova:item/gui/number/917"},{"predicate":{"custom_model_data":944},"model":"nova:item/gui/number/918"},{"predicate":{"custom_model_data":945},"model":"nova:item/gui/number/919"},{"predicate":{"custom_model_data":946},"model":"nova:item/gui/number/920"},{"predicate":{"custom_model_data":947},"model":"nova:item/gui/number/921"},{"predicate":{"custom_model_data":948},"model":"nova:item/gui/number/922"},{"predicate":{"custom_model_data":949},"model":"nova:item/gui/number/923"},{"predicate":{"custom_model_data":950},"model":"nova:item/gui/number/924"},{"predicate":{"custom_model_data":951},"model":"nova:item/gui/number/925"},{"predicate":{"custom_model_data":952},"model":"nova:item/gui/number/926"},{"predicate":{"custom_model_data":953},"model":"nova:item/gui/number/927"},{"predicate":{"custom_model_data":954},"model":"nova:item/gui/number/928"},{"predicate":{"custom_model_data":955},"model":"nova:item/gui/number/929"},{"predicate":{"custom_model_data":956},"model":"nova:item/gui/number/930"},{"predicate":{"custom_model_data":957},"model":"nova:item/gui/number/931"},{"predicate":{"custom_model_data":958},"model":"nova:item/gui/number/932"},{"predicate":{"custom_model_data":959},"model":"nova:item/gui/number/933"},{"predicate":{"custom_model_data":960},"model":"nova:item/gui/number/934"},{"predicate":{"custom_model_data":961},"model":"nova:item/gui/number/935"},{"predicate":{"custom_model_data":962},"model":"nova:item/gui/number/936"},{"predicate":{"custom_model_data":963},"model":"nova:item/gui/number/937"},{"predicate":{"custom_model_data":964},"model":"nova:item/gui/number/938"},{"predicate":{"custom_model_data":965},"model":"nova:item/gui/number/939"},{"predicate":{"custom_model_data":966},"model":"nova:item/gui/number/940"},{"predicate":{"custom_model_data":967},"model":"nova:item/gui/number/941"},{"predicate":{"custom_model_data":968},"model":"nova:item/gui/number/942"},{"predicate":{"custom_model_data":969},"model":"nova:item/gui/number/943"},{"predicate":{"custom_model_data":970},"model":"nova:item/gui/number/944"},{"predicate":{"custom_model_data":971},"model":"nova:item/gui/number/945"},{"predicate":{"custom_model_data":972},"model":"nova:item/gui/number/946"},{"predicate":{"custom_model_data":973},"model":"nova:item/gui/number/947"},{"predicate":{"custom_model_data":974},"model":"nova:item/gui/number/948"},{"predicate":{"custom_model_data":975},"model":"nova:item/gui/number/949"},{"predicate":{"custom_model_data":976},"model":"nova:item/gui/number/950"},{"predicate":{"custom_model_data":977},"model":"nova:item/gui/number/951"},{"predicate":{"custom_model_data":978},"model":"nova:item/gui/number/952"},{"predicate":{"custom_model_data":979},"model":"nova:item/gui/number/953"},{"predicate":{"custom_model_data":980},"model":"nova:item/gui/number/954"},{"predicate":{"custom_model_data":981},"model":"nova:item/gui/number/955"},{"predicate":{"custom_model_data":982},"model":"nova:item/gui/number/956"},{"predicate":{"custom_model_data":983},"model":"nova:item/gui/number/957"},{"predicate":{"custom_model_data":984},"model":"nova:item/gui/number/958"},{"predicate":{"custom_model_data":985},"model":"nova:item/gui/number/959"},{"predicate":{"custom_model_data":986},"model":"nova:item/gui/number/960"},{"predicate":{"custom_model_data":987},"model":"nova:item/gui/number/961"},{"predicate":{"custom_model_data":988},"model":"nova:item/gui/number/962"},{"predicate":{"custom_model_data":989},"model":"nova:item/gui/number/963"},{"predicate":{"custom_model_data":990},"model":"nova:item/gui/number/964"},{"predicate":{"custom_model_data":991},"model":"nova:item/gui/number/965"},{"predicate":{"custom_model_data":992},"model":"nova:item/gui/number/966"},{"predicate":{"custom_model_data":993},"model":"nova:item/gui/number/967"},{"predicate":{"custom_model_data":994},"model":"nova:item/gui/number/968"},{"predicate":{"custom_model_data":995},"model":"nova:item/gui/number/969"},{"predicate":{"custom_model_data":996},"model":"nova:item/gui/number/970"},{"predicate":{"custom_model_data":997},"model":"nova:item/gui/number/971"},{"predicate":{"custom_model_data":998},"model":"nova:item/gui/number/972"},{"predicate":{"custom_model_data":999},"model":"nova:item/gui/number/973"},{"predicate":{"custom_model_data":1000},"model":"nova:item/gui/number/974"},{"predicate":{"custom_model_data":1001},"model":"nova:item/gui/number/975"},{"predicate":{"custom_model_data":1002},"model":"nova:item/gui/number/976"},{"predicate":{"custom_model_data":1003},"model":"nova:item/gui/number/977"},{"predicate":{"custom_model_data":1004},"model":"nova:item/gui/number/978"},{"predicate":{"custom_model_data":1005},"model":"nova:item/gui/number/979"},{"predicate":{"custom_model_data":1006},"model":"nova:item/gui/number/980"},{"predicate":{"custom_model_data":1007},"model":"nova:item/gui/number/981"},{"predicate":{"custom_model_data":1008},"model":"nova:item/gui/number/982"},{"predicate":{"custom_model_data":1009},"model":"nova:item/gui/number/983"},{"predicate":{"custom_model_data":1010},"model":"nova:item/gui/number/984"},{"predicate":{"custom_model_data":1011},"model":"nova:item/gui/number/985"},{"predicate":{"custom_model_data":1012},"model":"nova:item/gui/number/986"},{"predicate":{"custom_model_data":1013},"model":"nova:item/gui/number/987"},{"predicate":{"custom_model_data":1014},"model":"nova:item/gui/number/988"},{"predicate":{"custom_model_data":1015},"model":"nova:item/gui/number/989"},{"predicate":{"custom_model_data":1016},"model":"nova:item/gui/number/990"},{"predicate":{"custom_model_data":1017},"model":"nova:item/gui/number/991"},{"predicate":{"custom_model_data":1018},"model":"nova:item/gui/number/992"},{"predicate":{"custom_model_data":1019},"model":"nova:item/gui/number/993"},{"predicate":{"custom_model_data":1020},"model":"nova:item/gui/number/994"},{"predicate":{"custom_model_data":1021},"model":"nova:item/gui/number/995"},{"predicate":{"custom_model_data":1022},"model":"nova:item/gui/number/996"},{"predicate":{"custom_model_data":1023},"model":"nova:item/gui/number/997"},{"predicate":{"custom_model_data":1024},"model":"nova:item/gui/number/998"},{"predicate":{"custom_model_data":1025},"model":"nova:item/gui/number/999"},{"predicate":{"custom_model_data":1026},"model":"nova:item/gui/btn/gray"},{"predicate":{"custom_model_data":1027},"model":"nova:item/gui/checkmark"},{"predicate":{"custom_model_data":1028},"model":"nova:item/empty"},{"predicate":{"custom_model_data":1029},"model":"nova:item/gui/light_corner_top_left"},{"predicate":{"custom_model_data":1030},"model":"nova:item/gui/bar/red/0"},{"predicate":{"custom_model_data":1031},"model":"nova:item/gui/bar/red/1"},{"predicate":{"custom_model_data":1032},"model":"nova:item/gui/bar/red/2"},{"predicate":{"custom_model_data":1033},"model":"nova:item/gui/bar/red/3"},{"predicate":{"custom_model_data":1034},"model":"nova:item/gui/bar/red/4"},{"predicate":{"custom_model_data":1035},"model":"nova:item/gui/bar/red/5"},{"predicate":{"custom_model_data":1036},"model":"nova:item/gui/bar/red/6"},{"predicate":{"custom_model_data":1037},"model":"nova:item/gui/bar/red/7"},{"predicate":{"custom_model_data":1038},"model":"nova:item/gui/bar/red/8"},{"predicate":{"custom_model_data":1039},"model":"nova:item/gui/bar/red/9"},{"predicate":{"custom_model_data":1040},"model":"nova:item/gui/bar/red/10"},{"predicate":{"custom_model_data":1041},"model":"nova:item/gui/bar/red/11"},{"predicate":{"custom_model_data":1042},"model":"nova:item/gui/bar/red/12"},{"predicate":{"custom_model_data":1043},"model":"nova:item/gui/bar/red/13"},{"predicate":{"custom_model_data":1044},"model":"nova:item/gui/bar/red/14"},{"predicate":{"custom_model_data":1045},"model":"nova:item/gui/bar/red/15"},{"predicate":{"custom_model_data":1046},"model":"nova:item/gui/bar/red/16"},{"predicate":{"custom_model_data":1047},"model":"nova:item/gui/btn/items_selected"},{"predicate":{"custom_model_data":1048},"model":"nova:item/gui/btn/minus_off"},{"predicate":{"custom_model_data":1049},"model":"nova:item/gui/vertical_line"},{"predicate":{"custom_model_data":1050},"model":"nova:item/gui/btn/advanced_mode_on"},{"predicate":{"custom_model_data":1051},"model":"nova:item/gui/horizontal_down"},{"predicate":{"custom_model_data":1052},"model":"nova:item/gui/light_arrow_1_down"},{"predicate":{"custom_model_data":1053},"model":"nova:item/gui/red_x"},{"predicate":{"custom_model_data":1054},"model":"nova:item/gui/search"},{"predicate":{"custom_model_data":1055},"model":"nova:item/gui/btn/items_off"},{"predicate":{"custom_model_data":1056},"model":"nova:item/gui/btn/energy_on"},{"predicate":{"custom_model_data":1057},"model":"nova:item/gui/vertical_horizontal"},{"predicate":{"custom_model_data":1058},"model":"nova:item/gui/corner_bottom_right"},{"predicate":{"custom_model_data":1059},"model":"nova:item/gui/light_horizontal_dots"},{"predicate":{"custom_model_data":1060},"model":"nova:item/gui/btn/fluids_off"},{"predicate":{"custom_model_data":1061},"model":"nova:item/gui/btn/arrow_left_on"},{"predicate":{"custom_model_data":1062},"model":"nova:item/gui/btn/advanced_mode_off"},{"predicate":{"custom_model_data":1063},"model":"nova:item/gui/arrow_1_up"},{"predicate":{"custom_model_data":1064},"model":"nova:item/gui/btn/minus_on"},{"predicate":{"custom_model_data":1065},"model":"nova:item/gui/arrow_1_left"},{"predicate":{"custom_model_data":1066},"model":"nova:item/gui/light_checkmark"},{"predicate":{"custom_model_data":1067},"model":"nova:item/gui/btn/area_on"},{"predicate":{"custom_model_data":1068},"model":"nova:item/gui/bar/green/0"},{"predicate":{"custom_model_data":1069},"model":"nova:item/gui/bar/green/1"},{"predicate":{"custom_model_data":1070},"model":"nova:item/gui/bar/green/2"},{"predicate":{"custom_model_data":1071},"model":"nova:item/gui/bar/green/3"},{"predicate":{"custom_model_data":1072},"model":"nova:item/gui/bar/green/4"},{"predicate":{"custom_model_data":1073},"model":"nova:item/gui/bar/green/5"},{"predicate":{"custom_model_data":1074},"model":"nova:item/gui/bar/green/6"},{"predicate":{"custom_model_data":1075},"model":"nova:item/gui/bar/green/7"},{"predicate":{"custom_model_data":1076},"model":"nova:item/gui/bar/green/8"},{"predicate":{"custom_model_data":1077},"model":"nova:item/gui/bar/green/9"},{"predicate":{"custom_model_data":1078},"model":"nova:item/gui/bar/green/10"},{"predicate":{"custom_model_data":1079},"model":"nova:item/gui/bar/green/11"},{"predicate":{"custom_model_data":1080},"model":"nova:item/gui/bar/green/12"},{"predicate":{"custom_model_data":1081},"model":"nova:item/gui/bar/green/13"},{"predicate":{"custom_model_data":1082},"model":"nova:item/gui/bar/green/14"},{"predicate":{"custom_model_data":1083},"model":"nova:item/gui/bar/green/15"},{"predicate":{"custom_model_data":1084},"model":"nova:item/gui/bar/green/16"},{"predicate":{"custom_model_data":1085},"model":"nova:item/gui/cheating_on"},{"predicate":{"custom_model_data":1086},"model":"nova:item/gui/light_arrow_2_left"},{"predicate":{"custom_model_data":1087},"model":"nova:item/gui/arrow_2_down"},{"predicate":{"custom_model_data":1088},"model":"nova:item/gui/btn/arrow_right_on"},{"predicate":{"custom_model_data":1089},"model":"nova:item/gui/light_horizontal_up"},{"predicate":{"custom_model_data":1090},"model":"nova:item/gui/cheating_off"},{"predicate":{"custom_model_data":1091},"model":"nova:item/gui/light_vertical_horizontal"},{"predicate":{"custom_model_data":1092},"model":"nova:item/gui/horizontal_line"},{"predicate":{"custom_model_data":1093},"model":"nova:item/gui/btn/energy_off"},{"predicate":{"custom_model_data":1094},"model":"nova:item/gui/light_x"},{"predicate":{"custom_model_data":1095},"model":"nova:item/gui/btn/plus_on"},{"predicate":{"custom_model_data":1096},"model":"nova:item/gui/vertical_dots"},{"predicate":{"custom_model_data":1097},"model":"nova:item/gui/green_checkmark"},{"predicate":{"custom_model_data":1098},"model":"nova:item/gui/light_vertical_dots"},{"predicate":{"custom_model_data":1099},"model":"nova:item/gui/btn/fluids_on"},{"predicate":{"custom_model_data":1100},"model":"nova:item/gui/btn/orange"},{"predicate":{"custom_model_data":1101},"model":"nova:item/gui/btn/area_off"},{"predicate":{"custom_model_data":1102},"model":"nova:item/gui/pixel_arrow_left_on"},{"predicate":{"custom_model_data":1103},"model":"nova:item/gui/btn/fluids_selected"},{"predicate":{"custom_model_data":1104},"model":"nova:item/gui/horizontal_up"},{"predicate":{"custom_model_data":1105},"model":"nova:item/gui/btn/simple_mode_on"},{"predicate":{"custom_model_data":1106},"model":"nova:item/gui/btn/pink"},{"predicate":{"custom_model_data":1107},"model":"nova:item/gui/light_arrow_2_up"},{"predicate":{"custom_model_data":1108},"model":"nova:item/gui/btn/energy_selected"},{"predicate":{"custom_model_data":1109},"model":"nova:item/gui/btn/simple_mode_off"},{"predicate":{"custom_model_data":1110},"model":"nova:item/gui/pixel_arrow_right_on"},{"predicate":{"custom_model_data":1111},"model":"nova:item/gui/light_arrow_1_right"},{"predicate":{"custom_model_data":1112},"model":"nova:item/gui/btn/side_config"},{"predicate":{"custom_model_data":1113},"model":"nova:item/gui/bar/tp_blue/0"},{"predicate":{"custom_model_data":1114},"model":"nova:item/gui/bar/tp_blue/1"},{"predicate":{"custom_model_data":1115},"model":"nova:item/gui/bar/tp_blue/2"},{"predicate":{"custom_model_data":1116},"model":"nova:item/gui/bar/tp_blue/3"},{"predicate":{"custom_model_data":1117},"model":"nova:item/gui/bar/tp_blue/4"},{"predicate":{"custom_model_data":1118},"model":"nova:item/gui/bar/tp_blue/5"},{"predicate":{"custom_model_data":1119},"model":"nova:item/gui/bar/tp_blue/6"},{"predicate":{"custom_model_data":1120},"model":"nova:item/gui/bar/tp_blue/7"},{"predicate":{"custom_model_data":1121},"model":"nova:item/gui/bar/tp_blue/8"},{"predicate":{"custom_model_data":1122},"model":"nova:item/gui/bar/tp_blue/9"},{"predicate":{"custom_model_data":1123},"model":"nova:item/gui/bar/tp_blue/10"},{"predicate":{"custom_model_data":1124},"model":"nova:item/gui/bar/tp_blue/11"},{"predicate":{"custom_model_data":1125},"model":"nova:item/gui/bar/tp_blue/12"},{"predicate":{"custom_model_data":1126},"model":"nova:item/gui/bar/tp_blue/13"},{"predicate":{"custom_model_data":1127},"model":"nova:item/gui/bar/tp_blue/14"},{"predicate":{"custom_model_data":1128},"model":"nova:item/gui/bar/tp_blue/15"},{"predicate":{"custom_model_data":1129},"model":"nova:item/gui/bar/tp_blue/16"},{"predicate":{"custom_model_data":1130},"model":"nova:item/gui/light_horizontal_line"},{"predicate":{"custom_model_data":1131},"model":"nova:item/gui/arrow_1_right"},{"predicate":{"custom_model_data":1132},"model":"nova:item/gui/minus"},{"predicate":{"custom_model_data":1133},"model":"nova:item/gui/color_picker"},{"predicate":{"custom_model_data":1134},"model":"nova:item/gui/btn/blue"},{"predicate":{"custom_model_data":1135},"model":"nova:item/wrench"},{"predicate":{"custom_model_data":1136},"model":"nova:item/gui/pixel_arrow_left_off"},{"predicate":{"custom_model_data":1137},"model":"nova:item/gui/arrow_1_down"},{"predicate":{"custom_model_data":1138},"model":"nova:item/gui/light_arrow_1_up"},{"predicate":{"custom_model_data":1139},"model":"nova:item/gui/btn/arrow_right_off"},{"predicate":{"custom_model_data":1140},"model":"nova:item/gui/light_corner_bottom_right"},{"predicate":{"custom_model_data":1141},"model":"nova:item/gui/vertical_left"},{"predicate":{"custom_model_data":1142},"model":"nova:item/gui/light_arrow_1_left"},{"predicate":{"custom_model_data":1143},"model":"nova:item/gui/corner_bottom_left"},{"predicate":{"custom_model_data":1144},"model":"nova:item/gui/horizontal_dots"},{"predicate":{"custom_model_data":1145},"model":"nova:item/gui/anvil_overlay_plus"},{"predicate":{"custom_model_data":1146},"model":"nova:item/gui/anvil_overlay_arrow"},{"predicate":{"custom_model_data":1147},"model":"nova:item/gui/light_vertical_line"},{"predicate":{"custom_model_data":1148},"model":"nova:item/gui/light_vertical_right"},{"predicate":{"custom_model_data":1149},"model":"nova:item/gui/light_horizontal_down"},{"predicate":{"custom_model_data":1150},"model":"nova:item/gui/pixel_arrow_right_off"},{"predicate":{"custom_model_data":1151},"model":"nova:item/gui/bar/tp_orange/0"},{"predicate":{"custom_model_data":1152},"model":"nova:item/gui/bar/tp_orange/1"},{"predicate":{"custom_model_data":1153},"model":"nova:item/gui/bar/tp_orange/2"},{"predicate":{"custom_model_data":1154},"model":"nova:item/gui/bar/tp_orange/3"},{"predicate":{"custom_model_data":1155},"model":"nova:item/gui/bar/tp_orange/4"},{"predicate":{"custom_model_data":1156},"model":"nova:item/gui/bar/tp_orange/5"},{"predicate":{"custom_model_data":1157},"model":"nova:item/gui/bar/tp_orange/6"},{"predicate":{"custom_model_data":1158},"model":"nova:item/gui/bar/tp_orange/7"},{"predicate":{"custom_model_data":1159},"model":"nova:item/gui/bar/tp_orange/8"},{"predicate":{"custom_model_data":1160},"model":"nova:item/gui/bar/tp_orange/9"},{"predicate":{"custom_model_data":1161},"model":"nova:item/gui/bar/tp_orange/10"},{"predicate":{"custom_model_data":1162},"model":"nova:item/gui/bar/tp_orange/11"},{"predicate":{"custom_model_data":1163},"model":"nova:item/gui/bar/tp_orange/12"},{"predicate":{"custom_model_data":1164},"model":"nova:item/gui/bar/tp_orange/13"},{"predicate":{"custom_model_data":1165},"model":"nova:item/gui/bar/tp_orange/14"},{"predicate":{"custom_model_data":1166},"model":"nova:item/gui/bar/tp_orange/15"},{"predicate":{"custom_model_data":1167},"model":"nova:item/gui/bar/tp_orange/16"},{"predicate":{"custom_model_data":1168},"model":"nova:item/gui/light_corner_bottom_left"},{"predicate":{"custom_model_data":1169},"model":"nova:item/gui/x"},{"predicate":{"custom_model_data":1170},"model":"nova:block/transparent"},{"predicate":{"custom_model_data":1171},"model":"nova:item/gui/arrow_2_up"},{"predicate":{"custom_model_data":1172},"model":"nova:item/gui/stopwatch"},{"predicate":{"custom_model_data":1173},"model":"nova:block/break_stage/0"},{"predicate":{"custom_model_data":1174},"model":"nova:block/break_stage/1"},{"predicate":{"custom_model_data":1175},"model":"nova:block/break_stage/2"},{"predicate":{"custom_model_data":1176},"model":"nova:block/break_stage/3"},{"predicate":{"custom_model_data":1177},"model":"nova:block/break_stage/4"},{"predicate":{"custom_model_data":1178},"model":"nova:block/break_stage/5"},{"predicate":{"custom_model_data":1179},"model":"nova:block/break_stage/6"},{"predicate":{"custom_model_data":1180},"model":"nova:block/break_stage/7"},{"predicate":{"custom_model_data":1181},"model":"nova:block/break_stage/8"},{"predicate":{"custom_model_data":1182},"model":"nova:block/break_stage/9"},{"predicate":{"custom_model_data":1183},"model":"nova:item/gui/anvil_overlay_arrow_left"},{"predicate":{"custom_model_data":1184},"model":"nova:item/gui/arrow_2_left"},{"predicate":{"custom_model_data":1185},"model":"nova:item/gui/light_vertical_left"},{"predicate":{"custom_model_data":1186},"model":"nova:item/gui/vertical_right"},{"predicate":{"custom_model_data":1187},"model":"nova:item/gui/bar/blue/0"},{"predicate":{"custom_model_data":1188},"model":"nova:item/gui/bar/blue/1"},{"predicate":{"custom_model_data":1189},"model":"nova:item/gui/bar/blue/2"},{"predicate":{"custom_model_data":1190},"model":"nova:item/gui/bar/blue/3"},{"predicate":{"custom_model_data":1191},"model":"nova:item/gui/bar/blue/4"},{"predicate":{"custom_model_data":1192},"model":"nova:item/gui/bar/blue/5"},{"predicate":{"custom_model_data":1193},"model":"nova:item/gui/bar/blue/6"},{"predicate":{"custom_model_data":1194},"model":"nova:item/gui/bar/blue/7"},{"predicate":{"custom_model_data":1195},"model":"nova:item/gui/bar/blue/8"},{"predicate":{"custom_model_data":1196},"model":"nova:item/gui/bar/blue/9"},{"predicate":{"custom_model_data":1197},"model":"nova:item/gui/bar/blue/10"},{"predicate":{"custom_model_data":1198},"model":"nova:item/gui/bar/blue/11"},{"predicate":{"custom_model_data":1199},"model":"nova:item/gui/bar/blue/12"},{"predicate":{"custom_model_data":1200},"model":"nova:item/gui/bar/blue/13"},{"predicate":{"custom_model_data":1201},"model":"nova:item/gui/bar/blue/14"},{"predicate":{"custom_model_data":1202},"model":"nova:item/gui/bar/blue/15"},{"predicate":{"custom_model_data":1203},"model":"nova:item/gui/bar/blue/16"},{"predicate":{"custom_model_data":1204},"model":"nova:item/gui/corner_top_right"},{"predicate":{"custom_model_data":1205},"model":"nova:item/gui/light_arrow_2_down"},{"predicate":{"custom_model_data":1206},"model":"nova:item/gui/btn/red"},{"predicate":{"custom_model_data":1207},"model":"nova:item/gui/btn/yellow"},{"predicate":{"custom_model_data":1208},"model":"nova:item/gui/btn/upgrades"},{"predicate":{"custom_model_data":1209},"model":"nova:item/gui/btn/arrow_left_off"}]}