{"providers":[{"type":"bitmap","file":"nova:font/recipe_numbers/space.png","height":8,"ascent":-27,"chars":[" "]},{"type":"bitmap","file":"nova:font/recipe_numbers/0.png","height":8,"ascent":-27,"chars":["0"]},{"type":"bitmap","file":"nova:font/recipe_numbers/1.png","height":8,"ascent":-27,"chars":["1"]},{"type":"bitmap","file":"nova:font/recipe_numbers/2.png","height":8,"ascent":-27,"chars":["2"]},{"type":"bitmap","file":"nova:font/recipe_numbers/3.png","height":8,"ascent":-27,"chars":["3"]},{"type":"bitmap","file":"nova:font/recipe_numbers/4.png","height":8,"ascent":-27,"chars":["4"]},{"type":"bitmap","file":"nova:font/recipe_numbers/5.png","height":8,"ascent":-27,"chars":["5"]},{"type":"bitmap","file":"nova:font/recipe_numbers/6.png","height":8,"ascent":-27,"chars":["6"]},{"type":"bitmap","file":"nova:font/recipe_numbers/7.png","height":8,"ascent":-27,"chars":["7"]},{"type":"bitmap","file":"nova:font/recipe_numbers/8.png","height":8,"ascent":-27,"chars":["8"]},{"type":"bitmap","file":"nova:font/recipe_numbers/9.png","height":8,"ascent":-27,"chars":["9"]},{"type":"bitmap","file":"nova:font/recipe_numbers/slash.png","height":8,"ascent":-27,"chars":["/"]}]}